Family,Genus_USDA,Species_USDA,further_rank_USDA,alias,Reproduction,LTER_core,USDA_code,LTER_code,Genus_LTER,Species_LTER,Habit,Form,Habitat,Phenology,Pathway,Nativity,Citation_LTER
Nyctaginaceae,Abronia,angustifolia,.,.,seed,not observed,ABAN,ABAN,.,.,.,.,.,.,.,.,.
Nyctaginaceae,Abronia,fragrans,.,.,seed,not observed,ABFR2,ABFR,.,.,.,.,.,.,.,.,.
Malvaceae,Abutilon,malacum,.,.,seed,present,ABMA3,ABMA,Abutilon,malacum,P,FORB,BF,SU,C3,native,Abutilon malacum Wats.
Malvaceae,Abutilon,parvulum,.,.,seed,not observed,ABPA3,ABPA,.,.,.,.,.,.,.,.,.
Fabaceae,Acacia,constricta,var. constricta,.,seed,present,ACCO2,ACCO,Acacia,constricta,P,SHRUB,BF,SP,C3,native,Acacia constricta Benth.
Fabaceae,Acacia,constricta,var. paucispina,.,seed,present,ACCO2,ACCO,Acacia,constricta,P,SHRUB,BF,SP,C3,native,Acacia constricta Benth.
Poaceae,Achnatherum,eminens,.,Stipa eminens,seed,not observed,ACEM4,ACEM,.,.,.,.,.,.,.,.,.
Poaceae,Achnatherum,hymenoides,.,Oryzopsis hymenoides,seed,not observed,ACHY,ACHY,.,.,.,.,.,.,.,.,.
Fabaceae,Acacia,neovernicosa,.,A. constricta var. vernicosa,seed,present,ACNE4,ACNE,Acacia,neovernicosa,P,SHRUB,BF,SP,C3,native,Acacia neovernicosa Isley
Euphorbiaceae,Acalypha,neomexicana,.,.,seed,present,ACNE,ACNM,Acalypha,neomexicana,A,FORB,BS,SU,.,native,Acalypha neomexicana Muell. Arg.
Amaranthaceae,Acanthochiton,wrightii,.,.,seed,present,AMAC,ACWR,Acanthochiton,wrightii,A,FORB,MR,SU,.,.,Acanthochiton wrightii Torr.
Lamiaceae,Agastache,cana,.,.,seed,not observed,AGCA,AGCA,.,.,.,.,.,.,.,.,.
Agavaceae,Agave,parryi,var. neomexicana,A. neomexicana,seed,not observed,AGPA4,AGPA,.,.,.,.,.,.,.,.,.
Nyctaginaceae,Allionia,choisyi,.,.,seed,present,ALCH,ALCH,Allionia,choisyi,P,FORB,GB,SU,.,native,Allionia choisyi Standley
Nyctaginaceae,Allionia,incarnata,.,.,seed,present,ALIN,ALIN,Allionia,incarnata,P,FORB,BF,SU,C4,native,Allionia incarnata L
Alliaceae,Allium,macropetalum,.,.,seed,present,ALMA4,ALMA,Allium,macropetalum,P,FORB,BF,SP,C3,native,Allium macropetalum Rydb.
Verbenaceae,Aloysia,wrightii,.,.,seed,present,ALWR,ALWR,Aloysia,wrightii,P,SHRUB,MS,SP,C3,native,Aloysia wrightii (Gray) Heller
Asteraceae,Ambrosia,acanthicarpa,.,Franseria acanthicarpa,seed,present,AMAC2,AMAC,Ambrosia,acanthicarpa,A,FORB,MW;PT,SU,.,native,Ambrosia acanthicarpa Hook.
Apocynaceae,Amsonia,tomentosa,var. stenophylla,A. arenaria,seed,present,AMTO2,AMAR,Amsonia,arenaria,P,FORB,.,SP,.,native,Amsonia arenaria Standl.
Amaranthaceae,Amaranthus,blitoides,.,.,seed,present,AMBL,AMBL,Amaranthus,blitoides,A,FORB,PC,SU,C4,native,Amaranthus blitoides Wats.
Nyctaginaceae,Acleisanthes,chenopodioides,.,Ammocodon chenopodioides,seed,present,AMCH3,AMCH,Ammocodon,chenopodioides,P,FORB,BS,SU,C4,native,Ammocodon chenopodioides (Gray) Standl.
Amaranthaceae,Amaranthus,crassipes,var. warnockii,.,seed,present,AMCR,AMCR,Amaranthus,crassipes,A,FORB,PS,SU,.,.,Amaranthus crassipes Schlect.
Asteraceae,Ambrosia,artemisiifolia,var. elatior,.,seed,not observed,AMAR2,AMEL,.,.,.,.,.,.,.,.,.
Amaranthaceae,Amaranthus,fimbriatus,.,.,seed,present,AMFI,AMFI,Amaranthus,fimbriatus,A,FORB,BS,SU,C4,native,Amaranthus fimbriatus (Torr.) Wats.
Fabaceae,Amorpha,fruticosa,.,.,seed,not observed,AMFR,AMFR,.,.,.,.,.,.,.,.,.
Amaranthaceae,Amaranthus,palmeri,.,.,seed,present,AMPA,AMPA,Amaranthus,palmeri,A,FORB,PC,SU,C4,native,Amaranthus palmeri Wats.
Amaranthaceae,Amaranthus,albus,var. pubescens,A. pubescens,seed,present,AMAL,AMPU,Amaranthus,pubescens,A,FORB,PC,SU,C4,native,Amaranthus pubescens (Uline & Bray) Rydb.
Saururaceae,Anemopsis,californica,.,.,seed,not observed,ANCA10,ANCA,.,.,.,.,.,.,.,.,.
Malvaceae,Anoda,cristata,.,.,seed,present,ANCR2,ANCR,Anoda,cristata,A,FORB,GS,SU,.,native,Anoda cristata (L.) Schlecht
Asteraceae,Aphanostephus,ramosissimus,var. humilis,.,seed,present,APRA,APRA,Aphanostephus,ramosissimus,A,FORB,BF,SP,C3,native,Aphanostephus ramosissimus DC
Cucurbitaceae,Apodanthera,undulata,.,.,seed,present,APUN,APUN,Apodanthera,undulata,P,FORB,BF,SU,.,native,Apodanthera undulata Gray.
Poaceae,Aristida,adscensionis,.,.,seed,present,ARAD,ARAD,Aristida,adscensionis,A,GRASS,BF,SU,C4,native,Aristida adscensionis L
Asteraceae,Artemisia,campestris,subsp. caudata,.,seed,not observed,ARCA12,ARCA,.,.,.,.,.,.,.,.,.
Poaceae,Aristida,pansa,forma dissita,.,seed,present,ARPA9,ARDI,Aristida,pansa,P,GRASS,.,SU,C4,native,Aristida pansa Woot. & Standl. var. dissita (I.M. Johnston) Beetle
Poaceae,Aristida,purpurea,var. fendleriana,A. fendleriana,seed,not observed,ARPU9,ARFE,.,.,.,.,.,.,.,.,.
Asteraceae,Artemisia,filifolia,.,.,seed,not observed,ARFI2,ARFI,.,.,.,.,.,.,.,.,.
Asteraceae,Artemisia,dracunculus,.,A. dranunculoides,seed,present,ARDR4,ARGA,Artemisia,glauca,P,FORB,.,SU,C3,native,Artemisia glauca Pall.
Poaceae,Aristida,ternipes,var. gentilis,Aristida hamulosa,seed,present,ARTE3,ARHA,Aristida,ternipes,P,GRASS,BF,SU,C4,native,Aristida ternipes Cav. var. hamulosa (Herrard) Trent
Poaceae,Aristida,purpurea,var. longiseta,Aristida longiseta,seed,present,ARPU9,ARLO,Aristida,purpurea,P,GRASS,BF,SP-SU,C4,native,Aristida purpurea Nutt. var. longiseta (Steud.) Vasey
Asteraceae,Artemisia,ludoviciana,subsp. albula,.,seed,present,ARLU,ARLU,Artemisia,ludoviciana,P,S-SHR,MS,SU,C3,native,Artemisia ludoviciana Nutt.
Poaceae,Aristida,purpurea,var. nealleyi,Aristida glauca,seed,present,ARPU9,ARNE,Aristida,purpurea,P,GRASS,BF,SP-SU,C4,native,Aristida purpurea Nutt. var. nealleyi (Vasey) Allred
Poaceae,Aristida,schiedeana,var. orcuttiana,A. orcuttiana,seed,not observed,ARSC3,AROR,.,.,.,.,.,.,.,.,.
Poaceae,Aristida,pansa,forma pansa,.,seed,present,ARPA9,ARPA,Aristida,pansa,P,GRASS,.,SP-SU,C4,native,Aristida pansa Woot. & Standl. var. pansa (I.M. Johnston) Beetle
Poaceae,Aristida,purpurea,var. perplexa,.,seed,present,ARPU9,ARPE,Aristida,purpurea,P,GRASS,GX,SP-SU,C4,native,Aristida purpurea Nutt. Var. perplexa Allread & Valdes
Papaveraceae,Argemone,pleiacantha,.,.,seed,not observed,ARPL3,ARPL,.,.,.,.,.,.,.,.,.
Poaceae,Aristida,purpurea,var. purpurea,.,seed,present,ARPU9,ARPU,Aristida,purpurea,P,GRASS,BF,SP,C4,native,Aristida purpurea Nutt. var. purpurea
Poaceae,Aristida,ternipes,var. ternipes,.,seed,present,ARTE3,ARTE,Aristida,ternipes,P,GRASS,BF,SU,C4,native,Aristida ternipes Cav. var. ternipes
Poaceae,Aristida,havardii,.,A. barbata,seed,present,ARHA3,ARVA,Aristida,havardii,P,GRASS,.,SU,C4,native,Aristida havardii Vasey
Poaceae,Aristida,purpurea,var. wrightii,Aristida wrightii,seed,present,ARPU9,ARWR,Aristida,purpurea,P,GRASS,BF,SU,C4,native,Aristida purpurea Nutt. var. wrightii (Nash) Allred
Fabaceae,Astragalus,allochrous,var. allochrous,.,seed,present,ASAL6,ASAL,Astragalus,allochrous,B,FORB,BF,SP,C3,native,Astragalus allochrous Gray
Asclepiadaceae,Asclepias,asperula,.,.,seed,not observed,ASAS,ASAS,.,.,.,.,.,.,.,.,.
Asclepiadaceae,Asclepias,brachystephana,.,.,seed,present,ASBR,ASBR,Asclepias,brachystephana,P,FORB,BS,SP-SU,C3,native,Asclepias brachystephana Engelm.
Fabaceae,Astragalus,crassicarpus,.,.,seed,present,ASCR2,ASCR,Astragalus,crassicarpus,P,FORB,GI,SP,.,native,Astragalus crassicarpus Nutt.
Fabaceae,Astragalus,mollissimus,var. bigelovii,A. bigelovii,seed,present,ASMO7,ASMO,Astragalus,mollissimus,P,FORB,BF,SP,C3,native,Astragalus mollissimus Torr. var. Bigelovii (Gray) B.L. Turner
Fabaceae,Astragalus,nuttallianus,.,.,seed,present,ASNU4,ASNU,Astragalus,nuttallianus,A,FORB,BF,SP,C3,native,Astragalus nuttallianus A. DC var. austrinus (Small) Rydb.
Asclepiadaceae,Asclepias,nyctaginifolia,.,.,seed,present,ASNY,ASNY,Asclepias,nyctaginifolia,P,FORB,TW,SP-SU,.,native,Asclepias nyctaginifolia Gray.
Asparagaceae,Asparagus,officinalis,.,.,seed,not observed,ASOF,ASOF,.,.,.,.,.,.,.,.,.
Asteraceae,Symphyotrichum,subulatum,.,Aster subulatus,seed,not observed,SYSU5,ASSB,.,.,.,.,.,.,.,.,.
Asteraceae,Chloracantha,spinosa,.,Aster spinosus,seed,not observed,CHSP11,ASSP,.,.,.,.,.,.,.,.,.
Asclepiadaceae,Asclepias,subverticillata,.,.,seed,present,ASSU2,ASSU,Asclepias,subverticillata,P,FORB,PS,SP-SU,C3,native,Asclepias subverticillata (Gray) Vail.
Fabaceae,Astragalus,tephrodes,.,.,seed,present,ASTE8,ASTE,Astragalus,tephrodes,P,FORB,BF,SP-SU,C3,native,Astragalus tephrodes Gray var. tephrodes
Fabaceae,Astragalus,allochrous,var. playanus,A. wootonii,seed,present,ASAL6,ASWO,Astragalus,wootonii,A,FORB,BF,SP,C3,native,Astragalus wootonii Sheld.
Chenopodiaceae,Atriplex,canescens,.,.,seed,present,ATCA2,ATCA,Atriplex,canescens,P,SHRUB,BS,SP-SU,C4,native,Atriplex canescens (Pursh) Nutt.
Chenopodiaceae,Atriplex,rosea,.,.,seed,not observed,ATRO,ATRA,.,.,.,.,.,.,.,.,.
Poaceae,Avena,fatua,.,.,seed,present,AVFA,AVFA,Avena,fatua,A,GRASS,.,.,.,introduced,Avena fatua L.
Sterculiaceae,Ayenia,pilosa,.,A. pusilla,seed,not observed,AYPI,AYPI,.,.,.,.,.,.,.,.,.
Asteraceae,Bahia,absinthifolia,var. dealbata,.,seed,present,BAAB,BAAB,Bahia,absinthifolia,P,FORB,BF,SU,C3,native,Bahia absinthifolia Benth.
Asteraceae,Bahia,biternata,.,.,seed,present,BABI3,BABI,Bahia,biternata,A,FORB,BF,SU,C3,native,Bahia biternata Gray
Asteraceae,Baccharis,salicifolia,.,B. glutinosa,seed,not observed,BASA4,BAGL,.,.,.,.,.,.,.,.,.
Asteraceae,Baileya,multiradiata,.,.,seed,present,BAMU,BAMU,Baileya,multiradiata,P,FORB,BF,SU,C3,native,Baileya multiradiata Harv. & Gray
Asteraceae,Bahia,pedata,.,.,seed,present,BAPE,BAPE,Bahia,pedata,A,FORB,BF,SU,C3,native,Bahia pedata Gray
Asteraceae,Baccharis,pteronioides,.,.,seed,not observed,BAPT,BAPT,.,.,.,.,.,.,.,.,.
Asteraceae,Baccharis,salicina,.,.,seed,not observed,BASA,BASA,.,.,.,.,.,.,.,.,.
Berberidaceae,Berberis,haematocarpa,.,Mahonia haematocarpa,seed,not observed,MAHA4,BEHA,.,.,.,.,.,.,.,.,.
Asteraceae,Berlandiera,lyrata,.,.,seed,present,BELY,BELY,Berlandiera,lyrata,P,FORB,BS,SP,C3,native,Berlandiera lyrata Torr.
Asteraceae,Bidens,heterosperma,.,.,seed,present,BIHE,BIHE,Bidens,heterosperma,A,FORB,BS,SU,.,native,Bidens heterosperma Gray.
Poaceae,Bouteloua,aristidoides,.,.,seed,present,BOAR,BOAR,Bouteloua,aristidoides,A,GRASS,BS,SU,C4,native,Bouteloua aristidoides (H.B.K.) Griseb.
Poaceae,Bouteloua,barbata,var. barbata,.,seed,present,BOBA2,BOBA,Bouteloua,barbata,A,GRASS,BF,SU,C4,native,Bouteloua barbata Lag.
Poaceae,Bothriochloa,barbinodis,.,Andropogon barbinoidis,seed,present,BOBA3,BOBR,Bothriochloa,barbinodis,P,GRASS,CC,SU,.,native,Bothriochloa barbinodis (Lag.) Herter
Nyctaginaceae,Boerhavia,coulteri,var. coulteri,.,seed,not observed,BOCO2,BOCC,.,.,.,.,.,.,.,.,.
Nyctaginaceae,Boerhavia,coulteri,var. palmeri,.,seed,not observed,BOCO2,BOCC,.,.,.,.,.,.,.,.,.
Nyctaginaceae,Boerhavia,coccinea,.,.,seed,present,BOCO,BOCO,Boerhavia,coccinea,P,FORB,BF,SU,C4,native,Boerhavia coccinea Mill.
Poaceae,Bouteloua,curtipendula,var. caespitosa,.,seed,present,BOCU,BOCU,Bouteloua,curtipendula,P,GRASS,BF,SU,C4,native,Bouteloua curtipendula (Michx.) Torr.
Poaceae,Bouteloua,curtipendula,var. curtipendula,.,seed,present,BOCU,BOCU,Bouteloua,curtipendula,P,GRASS,BF,SU,C4,native,Bouteloua curtipendula (Michx.) Torr.
Poaceae,Bouteloua,eriopoda,.,.,seed,present,BOER4,BOER,Bouteloua,eriopoda,P,GRASS,BS,SU,C4,native,Bouteloua eriopoda (Torr.) Torr.
Nyctaginaceae,Boerhavia,gracillima,.,.,seed,present,BOGR,BOGL,Boerhavia,gracillima,P,FORB,BF,SU,C4,native,Boerhavia gracillima Heimerl.
Poaceae,Bouteloua,gracilis,.,.,seed,not observed,BOGR2,BOGR,.,.,.,.,.,.,.,.,.
Poaceae,Bouteloua,hirsuta,.,.,seed,not observed,BOHI2,BOHI,.,.,.,.,.,.,.,.,.
Nyctaginaceae,Boerhavia,intermedia,.,.,seed,present,BOIN,BOIN,Boerhavia,intermedia,A,FORB,BF,SU,C4,native,Boerhavia intermedia M.E. Jones
Poaceae,Bothriochloa,ischaemum,.,Andropogon ischaemum,seed,present,BOIS,BOIS,Bothriochloa,ischaemum,P,GRASS,.,SU,.,introduced,Bothriochloa ischaemum (L.) Keng
Poaceae,Bouteloua,parryi,.,.,seed,not observed,BOPA2,BOPA,.,.,.,.,.,.,.,.,.
Nyctaginaceae,Boerhavia,spicata,.,.,seed,present,BOSP,BOSP,Boerhavia,spicata,A,FORB,BF,SU,C4,native,Boerhavia spicata Choisy
Poaceae,Bothriochloa,springfieldii,.,Andropogon springfieldii,seed,present,BOSP3,BOSR,Bothriochloa,springfieldii,P,GRASS,.,SU,C4,native,Bothriochloa springfieldii (Gould) Parodi
Poaceae,Bothriochloa,laguroides,subsp. torreyana,Bothriochloa saccaroides,seed,present,BOLA2,BOTO,Bothriochloa,laguroides,P,GRASS,MS,SU,C4,native,Bothriochloa laguroides (DC.) Herter subsp. torreyana (Steud.) Allred & Gould
Nyctaginaceae,Boerhavia,torreyana,.,.,seed,not observed,BOTO2,BOTR,.,.,.,.,.,.,.,.,.
Nyctaginaceae,Boerhavia,wrightii,.,.,seed,present,BOWR,BOWR,Boerhavia,wrightii,A,FORB,BF,SU,C4,native,Boerhavia wrightii Gray
Poaceae,Urochloa,arizonica,.,Brachiaria arizonica; Panicum arizonicum,seed,present,URAR,BRAR,Brachiaria,arizonica,A,GRASS,GI,SU,C4,native,Brachiaria arizonica (Scribn.&Merr.) S.T. Blake
Asteraceae,Brickellia,californica,.,.,seed,present,BRCA3,BRCA,Brickellia,californica,P,SHRUB,MS,SU,C3,native,Brickellia californica (T.&G.) Gray
Poaceae,Bromus,catharticus,.,B. unioloides,seed,not observed,BRCA6,BRCT,.,.,.,.,.,.,.,.,.
Poaceae,Urochloa,fasciculata,fusca,Panicum fasciculatum,seed,present,URFA,BRFA,Brachiaria,fasciculata,A,GRASS,GS,SU,C4,native,Brachiaria fasciculata (S.W.) Parodi
Asteraceae,Brickellia,floribunda,.,.,seed,not observed,BRFL,BRFL,.,.,.,.,.,.,.,.,.
Asteraceae,Brickellia,laciniata,.,.,seed,present,BRLA,BRLA,Brickellia,laciniata,P,SHRUB,BA,SU,C3,native,Brickellia laciniata Gray
Brassicaceae,Brassica,tournefortii,.,.,seed,not observed,BRTO,BRTO,.,.,.,.,.,.,.,.,.
Fabaceae,Senna,bauhinioides,.,Cassia bauhinioides,seed,present,SEBA3,CABA,Cassia,bauhinioides,P,FORB,BF,SP-SU,C3,native,Cassia bauhinioides A. Gray
Onagraceae,Eremothera,chamaenerioides,.,Oenothera chamaenerioides,seed,present,CACH12,CACH,Camissonia,chamaenerioides,A,FORB,BF,SP,C3,native,Camissonia chamaenerioides (Gray) Raven
Onagraceae,Oenothera,hartwegii,.,Calylophus hartwegii,seed,not observed,OEHA3,CAHA,.,.,.,.,.,.,.,.,.
Fabaceae,Calliandra,humilis,.,.,seed,present,CAHU,CAHU,Calliandra,humilis,P,FORB,PC,SP-SU,C3,native,Calliandra humilis Benth
Fabaceae,Pomaria,jamesii,.,Caesalpinia jamesii; Hoffmanseggia jamesii,seed,present,POJA5,CAJA,Caesalpinia,jamesii,P,FORB,.,SP-SU,.,native,Caesalpinia jamesii (T.&G.) Fisher
Acanthaceae,Carlowrightia,linearifolia,.,.,seed,present,CALI2,CALI,Carlowrightia,linearifolia,P,S-SHR,BF,SU,C3,native,Carlowrightia linearifolia (Torr.) Gray
Fabaceae,Senna,lindheimeriana,.,Cassia lindheimeriana,seed,not observed,SELI4,CALN,.,.,.,.,.,.,.,.,.
Asteraceae,Calycoseris,wrightii,.,.,seed,present,CAWR,CAWR,Calycoseris,wrightii,A,FORB,BF,SP,C3,native,Calycoseris wrightii Gray
Asteraceae,Centaurea,americana,.,.,seed,not observed,CEAM2,CEAM,.,.,.,.,.,.,.,.,.
Cactaceae,Peniocereus,greggii,Peniocereus greggii (Engelm.) Britton & Rose var. greggii,.,seed,not observed,PEGRG,CEGE,.,.,.,.,.,.,.,.,.
Rhamnaceae,Ceanothus,greggii,.,.,seed,not observed,CEGR,CEGR,.,.,.,.,.,.,.,.,.
Poaceae,Cenchrus,spinifex,.,C. incertus; C. pauciflorus,seed,present,CESP4,CEIN,Cenchrus,incertus,A,GRASS,.,SP-SU,.,native,Cenchrus incertus M.A. Curtis
Chenopodiaceae,Krascheninnikovia,lanata,.,Eurotia lanata,seed,present,KRLA2,CELA,Ceratoides,lanata,P,SHRUB,BF,SU,C3,native,Ceratoides lanata (Pursh) J.T. Howell
Poaceae,Cenchrus,longispinus,.,C. pauciflorus,seed,not observed,CELO3,CELO,.,.,.,.,.,.,.,.,.
Cannabaceae,Celtis,reticulata,.,C. laevigata var. reticulata,seed,not observed,CELAR,CERE,.,.,.,.,.,.,.,.,.
Loasaceae,Cevallia,sinuata,.,.,seed,present,CESI,CESI,Cevallia,sinuata,P,S-SHR,.,SU,.,native,Cevallia sinuata Lab.
Chenopodiaceae,Chenopodium,album,.,.,seed,not observed,CHAL7,CHAL,.,.,.,.,.,.,.,.,.
Chenopodiaceae,Chenopodium,berlandieri,.,.,seed,not observed,CHBE4,CHBE,.,.,.,.,.,.,.,.,.
Solanaceae,Chamaesaracha,coronopus,.,.,seed,present,CHCO2,CHCO,Chamaesaracha,coronopus,P,FORB,GS,SU,C3,native,Chamaesaracha coronopus (Dun.) Gray
Chenopodiaceae,Chenopodium,dessicatum,.,.,seed,not observed,CHDE,CHDE,.,.,.,.,.,.,.,.,.
Chenopodiaceae,Chenopodium,incanum,.,.,seed,present,CHIN2,CHIN,Chenopodium,incanum,A,FORB,PC,SU,C3,native,Chenopodium incanum (Wats.) Heller
Chenopodiaceae,Chenopodium,leptophyllum,.,.,seed,present,CHLE4,CHLE,Chenopodium,leptophyllum,A,FORB,PC,SU,C3,native,Chenopodium leptophyllum Nutt.
Bignoniaceae,Chilopsis,linearis,var. arcuata,.,seed,present,CHLI2,CHLI,Chilopsis,linearis,P,SHRUB,BA,SP-SU,C3,native,Chilopsis linearis (Cav.) Sweet.
Bignoniaceae,Chilopsis,linearis,var. linearis,.,seed,present,CHLI2,CHLI,Chilopsis,linearis,P,SHRUB,BA,SP-SU,C3,native,Chilopsis linearis (Cav.) Sweet.
Asteraceae,Chrysactinia,mexicana,.,.,seed,not observed,CHME3,CHME,.,.,.,.,.,.,.,.,.
Asteraceae,Chrysothamnus,pulchellus,.,Chrysothamnus pulchellus,seed,present,CHPU4,CHPU,Chrysothamnus,pulchellus,P,SHRUB,.,SU,.,native,Chrysothamnus pulchellus (Gray) Greene.
Solanaceae,Chamaesaracha,sordida,.,.,seed,present,CHSO,CHSO,Chamaesaracha,sordida,P,FORB,BF,SU,C3,native,Chamaesaracha sordida (Dun.) Gray
Asteraceae,Chaenactis,stevioides,.,.,seed,present,CHST,CHST,Chaenactis,stevioides,A,FORB,BF,SP,C3,native,Chaenactis stevioides Hook. & Arn.
Pteridaceae,Cheilanthes,tomentosa,.,.,spore,present,CHTO2,CHTO,Cheilanthes,tomentosa,P,FERN,MS,.,C3,native,Cheilanthes tomentosa Link.
Poaceae,Chloris,virgata,.,.,seed,present,CHVI4,CHVI,Chloris,virgata,A,GRASS,BS,SU,C4,native,Chloris virgata Swartz.
Asteraceae,Cirsium,ochrocentrum,.,.,seed,present,CIOC2,CIOC,Cirsium,ochrocentrum,A,FORB,PC,SU,C3,native,Cirsium ochrocentrum Gray
Ranunculaceae,Clematis,drummondii,.,.,seed,not observed,CLDR,CLDR,.,.,.,.,.,.,.,.,.
Ranunculaceae,Clematis,ligusticifolia,.,.,seed,not observed,CLLI2,CLLI,.,.,.,.,.,.,.,.,.
Fumariaceae,Corydalis,aurea,.,.,seed,present,COAU2,COAU,Corydalis,aurea,A,FORB,PC,SP,C3,native,Corydalis aurea Willd.
Asteraceae,Conyza,canadensis,.,Erigeron canadensis,seed,present,COCA5,COCA,Conyza,canadensis,A,FORB,PC,SU,C3,native,Conyza canadensis (L.) Cronq.
Asteraceae,Laennecia,coulteri,.,Conyza coulteri,seed,present,LACO13,COCO,Conyza,coulteri,A,FORB,PC,SU,C3,native,Conyza coulteri Gray.
Convolvulaceae,Convolvulus,equitans,.,Convolvulus incanus,seed,present,COEQ,COEQ,Convolvulus,equitans,P,FORB,GB,SP-SU,.,native,Convolvulus equitans Benth.
Commelinaceae,Commelina,erecta,var. angustifolia,.,seed,present,COER,COER,Commelina,erecta,P,FORB,MS,SU,C3,native,Commelina erecta L.
Cactaceae,Coryphantha,macromeris,.,Mammillaria macromeris,seed,present,COMA14,COMA,Coryphantha,macromeris,P,ST-SU,BF,SP,CAM,native,Coryphantha macromeris (Engelm.) Britt. & Rose
Chenopodiaceae,Corispermum,americanum,var. rydbergii,C. nitidum,seed,present,COAM8,CONI,Corispermum,nitidum,A,FORB,MW,SU,.,introduced,Corispermum nitidum Schult.
Santalaceae,Comandra,umbellata,var. pallida,.,seed,not observed,COUMP,COPA,.,.,.,.,.,.,.,.,.
Nyctaginaceae,Commicarpus,scandens,.,Boerhavia scandens,seed,not observed,COSC,COSA,.,.,.,.,.,.,.,.,.
Cactaceae,Coryphantha,robustispina,ssp. scheeri,C. scheeri; Mammillaria scheeri,seed,present,COROS,COSC,Coryphantha,scheeri,P,ST-SU,GB;TW,.,CAM,native,Coryphantha scheeri (O. Ktze.) L. Benson
Cactaceae,Escobaria,vivipara,.,Mammillaria vivipara; Coryphantha vivipara,seed,present,ESVI2,COVI,Coryphantha,vivipara,P,ST-SU,BF,SP,CAM,native,Coryphantha vivipara (Engelm.) (Nutt.) Britt. & Rose
Rhamnaceae,Condalia,warnockii,.,C. spathulata,seed,present,COWA,COWA,Condalia,warnockii,P,SHRUB,BF,SU,C3,native,Condalia warnockii M.C. Johnst.
Boraginaceae,Cryptantha,angustifolia,.,.,seed,present,CRAN4,CRAN,Cryptantha,angustifolia,A,FORB,BF,SP,C3,native,Cryptantha angustifolia (Torr.) Greene
Boraginaceae,Cryptantha,barbigera,.,.,seed,present,CRBA5,CRBA,Cryptantha,barbigera,A,FORB,TT,SP,.,native,Cryptantha barbigera (Gray) Greene.
Boraginaceae,Cryptantha,crassisepala,.,.,seed,present,CRCR3,CRCR,Cryptantha,crassisepala,A,FORB,BF,SP,C3,native,Cryptantha crassisepala (Torr. & Gray) Greene
Convolvulaceae,Cressa,truxillensis,.,.,seed,not observed,CRTR5,CRDE,.,.,.,.,.,.,.,.,.
Euphorbiaceae,Croton,fruticulosus,.,.,seed,not observed,CRFR,CRFR,.,.,.,.,.,.,.,.,.
Boraginaceae,Cryptantha,cinerea,var. jamesii,C. jamesii,seed,present,CRCI3,CRJA,Cryptantha,jamesii,P,FORB,BF,SP,C3,native,Cryptantha jamesii (Torr.) Pays. var. setosa (M.E. Jones) Shinners
Boraginaceae,Cryptantha,micrantha,.,.,seed,present,CRMI,CRMI,Cryptantha,micrantha,A,FORB,BF,SP,C3,native,Cryptantha micrantha (Nutt.) Johnst.
Euphorbiaceae,Croton,pottsii,.,Croton corymbulosus,seed,present,CRPO5,CRPO,Croton,pottsii,P,FORB,BS,SP-SU,C3,native,Croton pottsii (Kl.) Muell. Arg. var. Pottsii
Boraginaceae,Cryptantha,pterocarya,var. cycloptera,.,seed,present,CRPT,CRPT,Cryptantha,pterocarya,A,FORB,BF,SP,C3,native,Cryptantha pterocarya (Torr.) Greene
Boraginaceae,Cryptantha,pusilla,.,.,seed,present,CRPU7,CRPU,Cryptantha,pusilla,A,FORB,TW,SP,.,native,Cryptantha pusilla (T.&G.) Greene
Cucurbitaceae,Cucurbita,foetidissima,.,.,seed,present,CUFO,CUFO,Cucurbita,foetidissima,P,VINE,BS,SU,C3,native,Cucurbita foetidissima HBK
Cuscutaceae,Cuscuta,salina,.,.,seed,not observed,CUSA,CUSA,.,.,.,.,.,.,.,.,.
Cuscutaceae,Cuscuta,umbellata,.,.,seed,present,CUUM,CUUM,Cuscuta,umbellata,P,VINE,PC,SU,PAR,native,Cuscuta umbellata HBK
Chenopodiaceae,Cycloloma,atriplicifolium,.,.,seed,not observed,CYAT,CYAT,.,.,.,.,.,.,.,.,.
Poaceae,Cynodon,dactylon,.,.,seed,not observed,CYDA,CYDA,.,.,.,.,.,.,.,.,.
Cyperaceae,Cyperus,esculentus,.,.,seed,present,CYES,CYES,Cyperus,esculentus,P,GRASS,PC,SU,C4,native,Cyperus esculentus L.
Nyctaginaceae,Cyphomeris,gypsophiloides,.,.,seed,present,CYGY,CYGY,Cyphomeris,gypsophiloides,P,FORB,CG,SU,.,native,Cyphomeris gypsophiloides (Mart. & Gal.) Standl.
Cyperaceae,Cyperus,retroflexus,.,C. uniflorus,seed,not observed,CYRE14,CYUN,.,.,.,.,.,.,.,.,.
Asteraceae,Cyclachaena,xanthiifolia,.,Iva xanthifolia,seed,not observed,CYXA,CYXA,.,.,.,.,.,.,.,.,.
Fabaceae,Dalea,formosa,.,.,seed,present,DAFO,DAFO,Dalea,formosa,P,SHRUB,BF,SP,C3,native,Dalea formosa Torr.
Fabaceae,Dalea,nana,.,.,seed,present,DANA,DANA,Dalea,nana,P,FORB,GI,SP-SU,C3,native,Dalea nana Torr.
Fabaceae,Dalea,pogonathera,.,.,seed,not observed,DAPO,DAPO,.,.,.,.,.,.,.,.,.
Apiaceae,Daucus,pusillus,.,.,seed,not observed,DAPU3,DAPS,.,.,.,.,.,.,.,.,.
Poaceae,Dasyochloa,pulchella,.,Tridens pulchellus; Erioneuron pulchellum,seed,present,DAPU7,DAPU,Dasyochloa,pulchella,P,GRASS,BF,SU,C4,native,Dasyochloa pulchella (HBK) Hitchc.
Solanaceae,Datura,quercifolia,.,.,seed,not observed,DAQU,DAQU,.,.,.,.,.,.,.,.,.
Fabaceae,Psorothamnus,scoparius,.,Psorothamnus scoparius,seed,present,PSSC6,DASC,Dalea,scoparia,P,SHRUB,.,SU,.,native,Dalea scoparia Gray
Fabaceae,Dalea,lanata,var. terminalis,D. terminalis,seed,not observed,DALA3,DATE,.,.,.,.,.,.,.,.,.
Nolinaceae,Dasylirion,wheeleri,.,formerly in Agavaceae,seed,present,DAWH2,DAWH,Dasylirion,wheeleri,P,SHRUB,MS,SP-SU,C3,native,Dasylirion wheeleri Wats.
Solanaceae,Datura,wrightii,.,Datura meteloides,seed,present,DAWR2,DAWR,Datura,wrightii,P,FORB,BS,SP-SU,C3,native,Datura wrightii Regel.
Fabaceae,Desmanthus,cooleyi,.,.,seed,present,DECO2,DECO,Desmanthus,cooleyi,P,FORB,GI,SU,.,native,Desmanthus cooleyi (Eat.) Trel.
Brassicaceae,Descurainia,pinnata,.,.,seed,present,DEPI,DEPI,Descurainia,pinnata,A,FORB,BF,SP,C3,native,Descurainia pinnata (Walt.) Britton ssp. ochroleuca (Woot.) Detling
Ranunculaceae,Delphinium,wootonii,.,D. virescens var. wootonii,seed,present,DEWO,DEVI,Delphinium,virescens,P,FORB,BS,SU,.,native,Delphinium virescens Nutt. (Ranun.)
Poaceae,Digitaria,californica,.,Trichachne californica,seed,present,DICA8,DICA,Digitaria,californica,P,GRASS,BS,SP-SU,C4,native,Digitaria californica (Benth.) Henr.
Poaceae,Digitaria,pubiflora,.,D. cognata subsp. pubiflora; Leptoloma cognatum,seed,not observed,DIPU9,DIPU,.,.,.,.,.,.,.,.,.
Poaceae,Distichlis,spicata,.,.,seed,present,DISP,DISP,Distichlis,spicata,P,GRASS,BF,SU,C4,native,Distichlis spicata (L.) Greene var. stricta (Torr.) Beetle
Brassicaceae,Dimorphocarpa,wislizeni,.,Dithyrea wislizenii,seed,present,DIWI2,DIWI,Dithyrea,wislizeni,B,FORB,BF,SP,C3,native,Dithyrea wislizeni Engelm.
Brassicaceae,Draba,cuneifolia,.,.,seed,present,DRCA5,DRCU,Draba,cuneifolia,A,FORB,BF,SP,C3,native,Draba cuneifolia Nutt. var. cuneifolia
Caryophyllaceae,Drymaria,pachyphylla,.,.,seed,not observed,DRPA3,DRPA,.,.,.,.,.,.,.,.,.
Brassicaceae,Dryopetalon,runcinatum,.,.,seed,not observed,DRRU2,DRRU,.,.,.,.,.,.,.,.,.
Asteraceae,Thymophylla,acerosa,.,Dyssodia acerosa,seed,present,THAC,DYAC,Dyssodia,acerosa,P,SHRUB,BF,SP-SU,C3,native,Dyssodia acerosa DC
Asteraceae,Dyssodia,papposa,.,.,seed,present,DYPA,DYPA,Dyssodia,papposa,A,FORB,TE,SU,.,native,Dyssodia papposa (Vent.) Hitchc.
Asteraceae,Thymophylla,pentachaeta,var. belenidium,Dyssodia pentachaeta,seed,present,THPE4,DYPE,Dyssodia,pentachaeta,P,FORB,BD,SP-SU,.,native,Dyssodia pentachaeta (DC.) Robins.
Poaceae,Echinochloa,colona,.,.,seed,present,ECCO2,ECCO,Echinochloa,colonum,A,GRASS,PC,SU,.,introduced,Echinochloa colonum (L.) Link
Poaceae,Echinochloa,crusgallii,.,.,seed,not observed,ECCR,ECCR,.,.,.,.,.,.,.,.,.
Cactaceae,Echinocereus,fendleri,.,.,seed,present,ECFE,ECFE,Echinocereus,fendleri,P,ST-SU,BF,SP,CAM,native,Echinocereus fendleri Engelm. var. fendleri
Cactaceae,Echinocactus,horizonthalonius,.,.,seed,present,ECHO,ECHO,Echinocactus,horizonthalonius,P,ST-SU,BF,SP,CAM,native,Echinocactus horizonthalonius Lem.
Cactaceae,Echinocereus,pectinatus,.,.,seed,present,ECPE,ECPE,Echinocereus,pectinatus,P,ST-SU,BF,SP,CAM,native,Echinocereus pectinatus (Scheidw.) Engelm. var. neomexicanus (Coult.) L. Benson
Cactaceae,Echinocereus,stramineus,.,.,seed,not observed,ECST2,ECST,.,.,.,.,.,.,.,.,.
Cactaceae,Echinocereus,triglochidiatus,.,.,seed,present,ECTR,ECTR,Echinocereus,triglochidiatus,P,ST-SU,BF,SP,CAM,native,Echinocereus triglochidiatus Engelm. var. Guerneyi L. Benson
Cactaceae,Echinocereus,coccineus,.,.,seed,present,ECCO5,ECTR,Echinocereus,triglochidiatus,P,ST-SU,BF,SP,CAM,native,Echinocereus triglochidiatus Engelm. var. Guerneyi L. Benson
Poaceae,Elymus,smithii,.,Pascopyrum smithii ,seed,not observed,ELSM3,ELSM,.,.,.,.,.,.,.,.,.
Poaceae,Enneapogon,desvauxii,.,.,seed,present,ENDE,ENDE,Enneapogon,desvauxii,P,GRASS,BF,SU,C4,native,Enneapogon desvauxii Beauv.
Ephedraceae,Ephedra,torreyana,.,.,seed,present,EPTO,EPTO,Ephedra,torreyana,P,SHRUB,BS,SP,C3,native,Ephedra torreyana Wats.
Ephedraceae,Ephedra,trifurca,.,.,seed,present,EPTR,EPTR,Ephedra,trifurca,P,SHRUB,BF,SP,C3,native,Ephedra trifurca Torr.
Polygonaceae,Eriogonum,abertianum,.,.,seed,present,ERAB2,ERAB,Eriogonum,abertianum,A,FORB,BF,SP-SU,C3,native,Eriogonum abertianum Torr.
Poaceae,Eriochloa,acuminata,.,.,seed,not observed,ERAC4,ERAC,.,.,.,.,.,.,.,.,.
Polygonaceae,Eriogonum,annuum,.,.,seed,present,ERAN4,ERAN,Eriogonum,annuum,A,FORB,GI,SP-SU,.,.,Eriogonum annuum Nutt.
Asteraceae,Erigeron,bellidiastrum,.,.,seed,present,ERBE2,ERBE,Erigeron,bellidiastrum,A,FORB,BS,SP-SU,C3,native,Erigeron bellidiastrum Nutt.
Brassicaceae,Erysimum,capitatum,.,.,seed,present,ERCA14,ERCA,Erysimum,capitatum,P,FORB,CG;GS,SP-SU,.,native,Erysimum capitatum (Dougl.) Greene.
Geraniaceae,Erodium,cicutarium,.,.,seed,present,ERCI6,ERCC,Erodium,cicutarium,A,FORB,BS,SP,C3,introduced,Erodium cicutarium (L.) L'Her
Polygonaceae,Eriogonum,cernuum,.,.,seed,not observed,ERCE2,ERCE,.,.,.,.,.,.,.,.,.
Poaceae,Eragrostis,cilianensis,.,.,seed,present,ERCI,ERCI,Eragrostis,cilianensis,A,GRASS,PC,SU,C4,introduced,Eragrostis cilianensis (All.) E. Mosher
Poaceae,Eragrostis,curvula,var. conferta,E. chloromelas,seed,not observed,ERCU2,ERCU,.,.,.,.,.,.,.,.,.
Poaceae,Eragrostis,curvula,var. curvula,.,seed,not observed,ERCU2,ERCU,.,.,.,.,.,.,.,.,.
Polemoniaceae,Eriastrum,diffusum,.,.,seed,present,ERDI2,ERDI,Eriastrum,diffusum,A,FORB,BF,SP,C3,native,Eriastrum diffusum (Gray) Mason
Asteraceae,Erigeron,divergens,.,.,seed,present,ERDI4,ERDV,Erigeron,divergens,P,FORB,BF,SP,C3,native,Erigeron divergens T. & G.
Poaceae,Eragrostis,erosa,.,.,seed,not observed,ERER,ERER,.,.,.,.,.,.,.,.,.
Poaceae,Eragrostis,intermedia,.,.,seed,not observed,ERIN,ERIN,.,.,.,.,.,.,.,.,.
Polygonaceae,Eriogonum,jamesii,.,.,seed,not observed,ERJA,ERJA,.,.,.,.,.,.,.,.,.
Asteraceae,Ericameria,laricifolia,.,Haplopappus laricifolius,seed,present,ERLA12,ERLA,Ericameria,laricifolia,P,SHRUB,MS,SU,C3,native,Ericameria laricifolia (Gray) Shinners
Poaceae,Eragrostis,lehmanniana,.,.,seed,present,ERLE,ERLE,Eragrostis,lehmanniana,P,GRASS,BF,SU,C4,introduced,Eragrostis lehmanniana Ness.
Poaceae,Eragrostis,pectinacea,var. miserima,Eragrostis arida,seed,present,ERPE,ERMI,Eragrostis,pectinacea,A,GRASS,PC,SU,C4,native,Eragrostis pectinacea (Michx.) Nees var. miserrima (Fourn.) J.Reeder
Asteraceae,Erigeron,modestus,.,.,seed,not observed,ERMO5,ERMO,.,.,.,.,.,.,.,.,.
Poaceae,Erioneuron,nealleyi,.,E. avenaceum var. nealleyi; Tridens nealleyi,seed,not observed,ERNE9,ERNE,.,.,.,.,.,.,.,.,.
Poaceae,Eragrostis,pectinacea,var. pectinacea,.,seed,present,ERPE,ERPE,Eragrostis,pectinacea,A,GRASS,PC,SU,C4,native,Eragrostis pectinacea (Michx.) Nees var. pectinacea
Polygonaceae,Eriogonum,rotundifolium,.,.,seed,present,ERRO2,ERRO,Eriogonum,rotundifolium,A,FORB,BS,SP-SU,C3,native,Eriogonum rotundifolium Benth.
Asteraceae,Erigeron,tracyi,.,E. colomexicanus; E. divergens var. cinereus,seed,not observed,ERCO28,ERTA,.,.,.,.,.,.,.,.,.
Geraniaceae,Erodium,texanum,.,.,seed,present,ERTE13,ERTE,Erodium,texanum,A,FORB,BS,SP,C3,native,Erodium texanum Gray.
Polygonaceae,Eriogonum,trichopes,.,.,seed,present,ERTR8,ERTR,Eriogonum,trichopes,A,FORB,BS,SP-SU,C3,native,Eriogonum trichopes Torr.
Polygonaceae,Eriogonum,wrightii,.,.,seed,present,ERWR,ERWR,Eriogonum,wrightii,P,FORB,BF,SU,C3,native,Eriogonum wrightii Torr.
Papaveraceae,Eschscholzia,californica,subsp. mexicana,E. mexicana,seed,present,ESCA2,ESME,Eschscholzia,mexicana,A,FORB,BF,SP,C3,native,Eschscholzia mexicana NA
Euphorbiaceae,Chamaesyce,albomarginata,.,Euphorbia albomarginata,seed,present,CHAL11,EUAL,Euphorbia,albomarginata,P,FORB,BS,SP-SU,C4,native,Euphorbia albomarginata T. & G.
Euphorbiaceae,Euphorbia,davidii,.,E. dentata,seed,present,EUDA5,EUDE,Euphorbia,dentata,A,FORB,GS,SP-SU,C4,native,Euphorbia dentata Michx.
Euphorbiaceae,Chamaesyce,glyptosperma,.,Euphorbia glyptosperma,seed,present,CHGL13,EUGL,Euphorbia,glyptosperma,A,FORB,BS,SU,C4,native,Euphorbia glyptosperma Engelm.
Hydrophyllaceae,Eucrypta,micrantha,.,.,seed,present,EUMI2,EUMC,Eucrypta,micrantha,A,FORB,MS,SP,C3,native,Eucrypta micrantha (Torr.) Heller
Euphorbiaceae,Chamaesyce,micromera,.,Euphorbia micromera,seed,present,CHMI7,EUMI,Euphorbia,micromera,A,FORB,BF,SU,C4,native,Euphorbia micromera Engelm.
Euphorbiaceae,Chamaesyce,parryi,.,Euphorbia parryi,seed,present,CHPA28,EUPA,Euphorbia,parryi,A,FORB,.,SU,.,native,Euphorbia parryi Engelm.
Euphorbiaceae,Chamaesyce,revoluta,.,Euphorbia revoluta,seed,present,CHRE4,EURE,Euphorbia,revoluta,A,FORB,BF,SU,C4,native,Euphorbia revoluta Engelm.
Euphorbiaceae,Chamaesyce,serrula,.,Euphorbia serrula,seed,present,CHSE7,EUSE,Euphorbia,serrula,A,FORB,BS,SU,C4,native,Euphorbia serrula Engelm.
Euphorbiaceae,Chamaesyce,serpyllifolia,.,Euphorbia serpylifolia; Chamaesyce neomexicana,seed,present,CHSE6,EUSR,Euphorbia,serpyllifolia,A,FORB,BS,SU,C4,native,Euphorbia serpyllifolia Pers.
Euphorbiaceae,Chamaesyce,setiloba,.,Euphorbia setiloba,seed,present,CHSE8,EUST,Euphorbia,setiloba,A,FORB,BS,SU,C4,native,Euphorbia setiloba Engelm.
Convolvulaceae,Evolvulus,alsinoides,.,.,seed,not observed,EVAL,EVAL,.,.,.,.,.,.,.,.,.
Convolvulaceae,Evolvulus,nuttallianus,.,E. pilosus,seed,present,EVNU,EVNU,Evolvulus,nuttallianus,P,FORB,GI,SP-SU,.,native,Evolvulus nuttallianus R. & S.
Convolvulaceae,Evolvulus,sericeus,.,.,seed,not observed,EVSE,EVSE,.,.,.,.,.,.,.,.,.
Rosaceae,Fallugia,paradoxa,.,.,seed,present,FAPA,FAPA,Fallugia,paradoxa,P,SHRUB,BA,SP-SU,C3,native,Fallugia paradoxa (D. Don) Endl.
Cactaceae,Ferocactus,wislizeni,.,.,seed,present,FEWI,FEWI,Ferocactus,wislizeni,P,ST-SU,BF,SU,CAM,native,Ferocactus wislizeni (Engelm.) Britt. & Rose
Asteraceae,Flourensia,cernua,.,.,seed,present,FLCE,FLCE,Flourensia,cernua,P,SHRUB,BS,SU,C3,native,Flourensia cernua DC
Oleaceae,Forestiera,pubescens,.,.,seed,not observed,FOPU2,FOPU,.,.,.,.,.,.,.,.,.
Fouquieriaceae,Fouquieria,splendens,.,.,seed,present,FOSP2,FOSP,Fouquieria,splendens,P,SHRUB,MS,SP-SU,C3,native,Fouquieria splendens Engelm.
Amaranthaceae,Froelichia,arizonica,.,.,seed,present,FRAR2,FRAR,Froelichia,arizonica,P,FORB,.,SU,.,native,Froelichia arizonica Thornb.
Amaranthaceae,Froelichia,floridana,var. campestris,.,seed,not observed,FRFL,FRFL,.,.,.,.,.,.,.,.,.
Onagraceae,Gaura,coccinea,.,.,seed,not observed,GACO5,GACO,.,.,.,.,.,.,.,.,.
Rubiaceae,Galium,microphyllum,.,.,seed,present,GAMI,GAMI,Galium,microphyllum,P,FORB,MS,SP-SU,.,native,Galium microphyllum Gray
Onagraceae,Oenothera,curtiflora,.,USDA: Gaura mollis GAMO5; LTER:Gaura parviflora GAPA,seed,present,GAMO5,GAPA,Gaura,parviflora,A,FORB,PC,SP-SU,C3,native,Gaura parviflora Dougl.
Asteraceae,Gaillardia,pinnatifida,.,.,seed,present,GAPI,GAPI,Gaillardia,pinnatifida,P,FORB,GI,SP-SU,.,native,Gaillardia pinnatifida Torr.
Asteraceae,Gaillardia,pulchella,.,.,seed,not observed,GAPU,GAPU,.,.,.,.,.,.,.,.,.
Garryaceae,Garrya,wrightii,.,.,seed,present,GAWR3,GAWR,Garrya,wrightii,P,SHRUB,.,SU,.,native,Garrya wrightii Torr.
Polemoniaceae,Gilia,flavocincta,subsp. australis,.,seed,present,GIFL,GIFL,Gilia,flavocincta,A,FORB,BF,SP,C3,native,Gilia flavocincta A. Nels. ssp. australis V. Grant
Polemoniaceae,Gilia,mexicana,.,.,seed,present,GIME,GIME,Gilia,mexicana,A,FORB,BF,SP,C3,native,Gilia mexicana A.&V. Grant
Polemoniaceae,Gilia,sinuata,.,.,seed,present,GISI,GISI,Gilia,sinuata,A,FORB,BF,SP,C3,native,Gilia sinuata Dougl.
Fabaceae,Glycyrrhiza,lepidota,.,.,seed,not observed,GLLE3,GLLE,.,.,.,.,.,.,.,.,.
Fabaceae,Gleditsia,triacanthos,.,.,seed,not observed,GLTR,GLTR,.,.,.,.,.,.,.,.,.
Asteraceae,Pseudognaphalium,stramineum,.,Gnaphalium chilense,seed,not observed,PSST7,GNCH,.,.,.,.,.,.,.,.,.
Asteraceae,Grindelia,squarrosa,.,.,seed,present,GRSQ,GRSQ,Grindelia,squarrosa,A,FORB,PC,SU,C3,native,Grindelia squarrosa (Pursh) Dun.
Amaranthaceae,Guilleminea,densa,var. aggregata,.,seed,not observed,GUDE,GUDE,.,.,.,.,.,.,.,.,.
Apocynaceae,Haplophyton,crooksii,.,H. cimcidum var. crooksii,seed,not observed,HACR3,HACR,.,.,.,.,.,.,.,.,.
Asteraceae,Xanthisma,gracilis,.,Machaeranthera gracilis,seed,present,MAGR10,HAGR,Haplopappus,gracilis,A,FORB,BF,SU,C3,native,Haplopappus gracilis (Nutt.) Gray.
Asteraceae,Helianthus,annuus,.,.,seed,present,HEAN3,HEAN,Helianthus,annuus,A,FORB,GS,SU,.,native,Helianthus annuus L.
Asteraceae,Heterotheca,canescens,.,Chrysopsis canescens,seed,not observed,HECA8,HECA,.,.,.,.,.,.,.,.,.
Asteraceae,Helianthus,ciliaris,.,.,seed,present,HECI,HECI,Helianthus,ciliaris,P,FORB,PC,SU,C3,native,Helianthus ciliaris DC
Poaceae,Heteropogon,contortus,.,.,seed,not observed,HECO10,HECN,.,.,.,.,.,.,.,.,.
Boraginaceae,Heliotropium,convolvulaceum,.,.,seed,present,HECO5,HECO,Heliotropium,convolvulaceum,A,FORB,GI,SU,.,native,Heliotropium convolvulaceum (Nutt.) Gray.
Malvaceae,Herissantia,crispa,.,.,seed,not observed,HECR3,HECR,.,.,.,.,.,.,.,.,.
Boraginaceae,Heliotropium,curassavicum,.,.,seed,not observed,HECU3,HECU,.,.,.,.,.,.,.,.,.
Asteraceae,Heterotheca,fulcrata,.,Chrysopsis fulcrata,seed,present,HEFU3,HEFU,Heterotheca,fulcrata,P,FORB,MS,SP-SU,C3,native,Heterotheca fulcrata (Greene) Shinners
Boraginaceae,Heliotropium,greggii,.,.,seed,present,HEGR6,HEGR,Heliotropium,greggii,P,FORB,.,SP-SU,.,native,Heliotropium greggii Torr.
Rubiaceae,Houstonia,humifusa,.,Hedyotis humifusa,seed,present,HOHU,HEHU,Hedyotis,humifusa,A,FORB,.,SP-SU,.,native,Hedyotis humifusa Gray.
Lamiaceae,Hedeoma,nana,.,.,seed,not observed,HENA,HENA,.,.,.,.,.,.,.,.,.
Asteraceae,Helianthus,petiolaris,.,.,seed,present,HEPE,HEPE,Helianthus,petiolaris,A,FORB,GI,SU,.,.,Helianthus petiolaris Nutt.
Malvaceae,Hibiscus,denudatus,.,.,seed,not observed,HIDE,HIDE,.,.,.,.,.,.,.,.,.
Fabaceae,Hoffmannseggia,drepanocarpa,.,Caesalpinia drepanocarpa,seed,present,HODR,HODR,Hoffmannseggia,drepanocarpa,P,FORB,GI,SP-SU,C3,native,Hoffmannseggia drepanocarpa Gray.
Fabaceae,Hoffmannseggia,glauca,.,Hoffmannseggia densiflora ,seed,present,HOGL2,HOGL,Hoffmannseggia,glauca,P,FORB,PC,SP-SU,C3,native,Hoffmannseggia glauca (Ort.) Eifert
Poaceae,Hordeum,murinum,subsp. glaucum,.,seed,present,HOMU,HOMU,Hordeum,murinum,A,GRASS,CG,WI-SP,C3,introduced,Hordeum murinum L. subsp. glaucum (Steud.) Tsvelev
Asteraceae,Hymenopappus,flavescens,var. canotomentosus,Hymenopappus robustus,seed,present,HYFL,HYFL,Hymenopappus,flavescens,B,FORB,GI,SP-SU,.,.,Hymenopappus flavescens Gray. var. cano-tomentosus Gray.
Asteraceae,Hymenoxys,odorata,.,.,seed,present,HYOD,HYOD,Hymenoxys,odorata,A,FORB,PC,SU,C3,native,Hymenoxys odorata (DC) Kuntz
Violaceae,Hybanthus,verticillatus,.,.,seed,present,HYVE,HYVE,Hybanthus,verticillatus,P,FORB,BS,SP-SU,C3,native,Hybanthus verticillatus (Ort.) Baill.
Asteraceae,Hymenothrix,wislizenii,.,.,seed,not observed,HYWI,HYWI,.,.,.,.,.,.,.,.,.
Cucurbitaceae,Ibervillea,tenuisecta,.,.,seed,present,IBTE2,IBTE,Ibervillea,tenuisecta,P,VINE,BF,SU,C3,native,Ibervillea tenuisecta (Gray) Small
Convolvulaceae,Ipomoea,costellata,.,.,seed,present,IPCO2,IPCO,Ipomoea,costellata,A,VINE,GB,SU,C3,native,Ipomoea costellata Torr.
Convolvulaceae,Ipomoea,cristulata,.,.,seed,present,IPCR,IPCR,Ipomoea,cristulata,P,VINE,MS,SU,C3,native,Ipomoea cristulata Hallier f.
Polemoniaceae,Ipomopsis,longiflora,.,.,seed,present,IPLO2,IPLO,Ipomopsis,longiflora,A,FORB,BF,SU,C3,native,Ipomopsis longiflora (Torr.) V. Grant
Polemoniaceae,Ipomopsis,pumila,.,.,seed,present,IPPU4,IPPU,Ipomopsis,pumila,A,FORB,MW,SP,.,native,Ipomopsis pumila Nutt. V. Grant.
Asteraceae,Isocoma,pluriflora,.,Haplopappus heterophyllus,seed,not observed,ISPL,ISPL,.,.,.,.,.,.,.,.,.
Asteraceae,Hedosyne,ambrosiifolia,.,Iva ambrosiifolia,seed,present,HEAM11,IVAM,Iva,ambrosiifolia,A,FORB,BF,SU,C3,native,Iva ambrosiifolia (Gray) Gray
Asteraceae,Leuciva,dealbata,.,Iva dealbata,seed,present,LEDE23,IVDE,Iva,dealbata,P,FORB,.,SU,.,native,Iva dealbata Gray
Malpighiaceae,Janusia,gracilis,.,.,seed,present,JAGR,JAGR,Janusia,gracilis,P,FORB,MS,SU,C4,native,Janusia gracilis Gray
Euphorbiaceae,Jatropha,macrorhiza,.,.,seed,not observed,JAMA,JAMA,.,.,.,.,.,.,.,.,.
Cupressaceae,Juniperus,coahuilensis,var. arizonica,.,seed,not observed,JUCOA2,JUCA,.,.,.,.,.,.,.,.,.
Cupressaceae,Juniperus,monosperma,.,.,seed,present,JUMO,JUMO,Juniperus,monosperma,P,TREE,MS,.,C3,native,Juniperus monosperma (Engelm.) Sarg.
Zygophyllaceae,Kallstroemia,hirsutissima,.,.,seed,present,KAHI,KAHI,Kallstroemia,hirsutissima,A,FORB,BS,SU,C4,native,Kallstroemia hirsutissima Vail
Zygophyllaceae,Kallstroemia,parviflora,.,.,seed,present,KAPA,KAPA,Kallstroemia,parviflora,A,FORB,BS,SU,C4,native,Kallstroemia parviflora Nort.
Chenopodiaceae,Kochia,scoparia,.,Bassia scoparia ,seed,not observed,KOSC,KOSC,.,.,.,.,.,.,.,.,.
Koeberliniaceae,Koeberlinia,spinosa,.,.,seed,present,KOSP,KOSP,Koeberlinia,spinosa,P,SHRUB,TW;TE,SP-SU,.,native,Koeberlinia spinosa Zucc.
Krameriaceae,Krameria,grayi,.,.,seed,not observed,KRGR,KRGR,.,.,.,.,.,.,.,.,.
Krameriaceae,Krameria,lanceolata,.,.,seed,present,KRLA,KRLA,Krameria,lanceolata,P,S-SHR,BS,SU,C3,native,Krameria lanceolata Torr.
Krameriaceae,Krameria,erecta,.,K. glandulosa; K. parvifolia var. glandulosa,seed,present,KRER,KRPA,Krameria,glandulosa,P,SHRUB,BF,SP,C3,native,Krameria glandulosa Rose & Painter
Asteraceae,Brickellia,eupatorioides,var. chlorolepis,B. rosmarinifolia subsp. chlorolepis,seed,present,BREU,KUCH,Kuhnia,chlorolepis,P,FORB,RS,SU,.,native,Kuhnia chlorolepis Woot. & Standl.
Boraginaceae,Lappula,occidentalis,.,L. redowskii,seed,present,LAOC3,LARE,Lappula,redowskii,A,FORB,BS,SU,C3,native,Lappula redowskii (Hornem.) Greene
Zygophyllaceae,Larrea,tridentata,.,L. divaricata subsp. tridentata,seed,present,LATR2,LATR,Larrea,tridentata,P,SHRUB,BF,SP-SU,C3,native,Larrea tridentata (DC) Cov.
Poaceae,Leptochloa,dubia,.,.,seed,present,LEDU,LEDU,Leptochloa,dubia,P,GRASS,MS,SU,C4,native,Leptochloa dubia (HBR) Nees.
Asteraceae,Chaetopappa,ericoides,.,Leucelene ericoides,seed,present,CHER2,LEER,Leucelene,ericoides,P,FORB,BF,SP,C3,native,Leucelene ericoides (Torr.) Greene
Poaceae,Leptochloa,fascicularis,.,.,seed,not observed,LEFA,LEFA,.,.,.,.,.,.,.,.,.
Brassicaceae,Lesquerella,fendleri,.,Lesquerella fendleri,seed,present,LEFE,LEFE,Lesquerella,fendleri,P,FORB,BF,SP,C3,native,Lesquerella fendleri (Gray) Wats.
Brassicaceae,Lesquerella,gordonii,.,Lesquerella gordonii,seed,present,LEGO,LEGO,Lesquerella,gordonii,A,FORB,BF,SP,C3,native,Lesquerella gordonii (Gray) Wats.
Brassicaceae,Lepidium,lasiocarpum,var. wrightii,.,seed,present,LELA,LELA,Lepidium,lasiocarpum,A,FORB,BF,SP,C3,native,Lepidium lasiocarpum Nutt.
Brassicaceae,Lepidium,alyssoides,.,L. montanum,seed,present,LEAL4,LEMO,Lepidium,montanum,P,FORB,BF,SP,C3,native,Lepidium montanum Nutl. var. angustifolium C.L. Hitchc.
Poaceae,Leersia,oryzoides,.,.,seed,not observed,LEOR,LEOR,.,.,.,.,.,.,.,.,.
Brassicaceae,Lepidium,virginicum,var. medium,.,seed,present,LEVI3,LEVI,Lepidium,virginicum,A,FORB,BF,SP,C3,native,Lepidium virginicum L. var. medium (Greene) C.L. Hitchc.
Poaceae,Leptochloa,viscida,.,.,seed,present,LEVI5,LEVS,Leptochloa,viscida,A,GRASS,PC,SU,C4,native,Leptochloa viscida (Scribn.) Beal.
Linaceae,Linum,australe,.,L. aristatum var. australe,seed,present,LIAU4,LIAU,Linum,aristatum,A,FORB,MW;EN,SP-SU,.,.,Linum aristatum Engelm. var. australe (Heller) Kearney & Peebles
Polemoniaceae,Linanthus,bigelovii,.,.,seed,present,LIBI2,LIBI,Linanthus,bigelovii,A,FORB,BF,SP,C3,native,Linanthus bigelovii (Gray) Greene
Boraginaceae,Lithospermum,incisum,.,.,seed,not observed,LIIN2,LIIN,.,.,.,.,.,.,.,.,.
Linaceae,Linum,pratense,.,.,seed,not observed,LIPR,LIPR,.,.,.,.,.,.,.,.,.
Scrophulariaceae,Nuttallanthus,texanus,.,Nuttalanthus texanus,seed,present,NUTE,LITE,Linaria,texana,A,FORB,GS,SP,.,native,Linaria texana Scheele.
Linaceae,Linum,vernale,.,.,seed,present,LIVE2,LIVE,Linum,vernale,A,FORB,GI;MW,SP-SU,.,.,Linum vernale (Woot.) Small.
Fabaceae,Lotus,greenei,.,.,seed,not observed,LOGR4,LOGR,.,.,.,.,.,.,.,.,.
Fabaceae,Lotus,plebeius,.,L. neomexicanus; L. oroboides,seed,present,LOPL2,LONE,Lotus,neomexicanus,P,FORB,BF,SP,C3,native,Lotus neomexicanus Greene
Fabaceae,Lotus,wrightii,.,.,seed,not observed,LOWR,LOWR,.,.,.,.,.,.,.,.,.
Fabaceae,Lupinus,brevicaulis,.,.,seed,not observed,LUBR2,LUBR,.,.,.,.,.,.,.,.,.
Fabaceae,Lupinus,concinnus,.,.,seed,present,LUCO,LUCO,Lupinus,concinnus,A,FORB,BF,SP,C3,native,Lupinus concinnus Agardh. var. orcuttii (Wats.) C. P. Smith
Fabaceae,Lupinus,pusillus,.,.,seed,not observed,LUPU,LUPU,.,.,.,.,.,.,.,.,.
Solanaceae,Lycium,berlandieri,.,.,seed,present,LYBE,LYBE,Lycium,berlandieri,P,SHRUB,TA,SP,.,native,Lycium berlandieri Dun
Solanaceae,Lycium,pallidum,.,.,seed,present,LYPA,LYPA,Lycium,pallidum,P,SHRUB,TA,SP,.,native,Lycium pallidum Miers.
Poaceae,Lycurus,phleoides,.,.,seed,not observed,LYPH,LYPH,.,.,.,.,.,.,.,.,.
Poaceae,Lycurus,setosus,.,L. phleoides var. glaucifolius,seed,not observed,LYSE3,LYSE,.,.,.,.,.,.,.,.,.
Solanaceae,Lycium,torreyi,.,.,seed,not observed,LYTO,LYTO,.,.,.,.,.,.,.,.,.
Scrophulariaceae,Maurandya,antirrhiniflora,.,Maurandella antirrhiniflora,seed,not observed,MAAN9,MAAN,.,.,.,.,.,.,.,.,.
Asteraceae,Malacothrix,fendleri,.,.,seed,present,MAFE,MAFE,Malacothrix,fendleri,A,FORB,BF,SP,C3,native,Malacothrix fendleri Gray
Cactaceae,Mammillaria,grahamii,.,.,seed,present,MAGR9,MAGR,Mammillaria,grahamii,P,ST-SU,GS,.,CAM,native,Mammillaria grahamii Engelm.
Cactaceae,Mammillaria,heyderi,.,M. microcarpa,seed,present,MAHE2,MAGU,Mammillaria,gummifera,P,ST-SU,BF,SP,CAM,native,Mammillaria gummifera Engelm. var. applanata (Engelm.) L. Benson
Asteraceae,Dieteria,canescens,.,Machaeranthera canescens var. glabra; M. linearis,seed,present,DICA18,MALI,Machaeranthera,linearis,A,FORB,MW,SU,.,native,Machaeranthera linearis Greene Sand daisy
Asteraceae,Xanthisma,spinulosum,.,Machaeranthera spinulosa; M. pinnatifida; Haplopappus spinulosus,seed,present,MAPI,MAPI,Machaeranthera,pinnatifida,P,FORB,BS,SP-SU,.,.,Machaeranthera pinnatifida (Hook.) Shinners.
Moraceae,Maclura,pomifera,.,.,seed,not observed,MAPO,MAPO,.,.,.,.,.,.,.,.,.
Asteraceae,Machaeranthera,tanacetifolia,.,.,seed,present,MATA2,MATA,Machaeranthera,tanacetifolia,A,FORB,BS,SU,C3,native,Machaeranthera tanacetifolia (HBK) Nees
Scrophulariaceae,Maurandya,wislizenii,.,Epixiphium wislizenii,seed,not observed,MAWI2,MAWI,.,.,.,.,.,.,.,.,.
Cactaceae,Mammillaria,wrightii,.,.,seed,present,MAWR2,MAWR,Mammillaria,wrightii,P,ST-SU,MS,SP,CAM,native,Mammillaria wrightii Engelm.
Loasaceae,Mentzelia,albicaulis,.,.,seed,present,MEAL6,MEAL,Mentzelia,albicaulis,A,FORB,BF,SP,C3,native,Mentzelia albicaulis Dougl.
Asteraceae,Melampodium,leucanthum,.,.,seed,present,MELE2,MELE,Melampodium,leucanthum,P,FORB,BF,SP-SU,C3,native,Melampodium leucanthum T. & G.
Loasaceae,Mentzelia,pumila,.,.,seed,present,MEPU3,MEPU,Mentzelia,pumila,A,FORB,BF,SP-SU,C3,native,Mentzelia pumila (Nutt.) Gray
Oleaceae,Menodora,scabra,var. laevis,.,seed,present,MESC,MESC,Menodora,scabra,P,S-SHR,BF,SU,C3,native,Menodora scabra Gray
Oleaceae,Menodora,scabra,var. scabra,.,seed,present,MESC,MESC,Menodora,scabra,P,S-SHR,BF,SU,C3,native,Menodora scabra Gray
Fabaceae,Mimosa,aculeaticarpa,var. biuncifera,M. biuncifera,seed,not observed,MIAC3,MIBI,.,.,.,.,.,.,.,.,.
Asteraceae,Uropappus,lindleyi,.,Microseris linearifolia,seed,present,URLI5,MILI,Microseris,linearifolia,A,FORB,BF,SP,C3,native,Microseris linearifolia (DC) Sch. Bip.
Nyctaginaceae,Mirabilis,linearis,.,Oxybaphus linearis,seed,present,MILI3,MILN,Mirabilis,linearis,P,FORB,PC,SU,.,native,Mirabilis linearis (Pursh) Heimerl.
Nyctaginaceae,Mirabilis,multiflora,.,.,seed,not observed,MIMU,MIMU,.,.,.,.,.,.,.,.,.
Molluginaceae,Mollugo,cerviana,.,formerly in Aizoaceae,seed,present,MOCE,MOCE,Mollugo,cerviana,A,FORB,BF,SU,C4,native,Mollugo cerviana (L.) Ser.
Moraceae,Morus,microphylla,.,.,seed,present,MOMI,MOMI,Morus,microphylla,P,SHRUB,MS,SP,.,native,Morus microphylla Buckl.
Molluginaceae,Mollugo,verticillata,.,formerly in Aizoaceae,seed,present,MOVE,MOVE,Mollugo,verticillata,A,FORB,GS,SP-SU,C4,native,Mollugo verticillata L.
Poaceae,Muhlenbergia,arenicola,.,.,seed,present,MUAR2,MUAN,Muhlenbergia,arenicola,P,GRASS,.,SU,C4,native,Muhlenbergia arenicola Buckl.
Poaceae,Muhlenbergia,arenacea,.,.,seed,present,MUAR,MUAR,Muhlenbergia,arenacea,P,GRASS,BS,SU,C4,native,Muhlenbergia arenacea (Buckl.) Hitchc.
Poaceae,Muhlenbergia,asperifolia,.,Sporobolus asperifolius,seed,not observed,MUAS,MUAS,.,.,.,.,.,.,.,.,.
Poaceae,Muhlenbergia,emersleyi,.,.,seed,not observed,MUEM,MUEM,.,.,.,.,.,.,.,.,.
Poaceae,Muhlenbergia,porteri,.,.,seed,present,MUPO2,MUPO,Muhlenbergia,porteri,P,GRASS,BF,SU,C4,native,Muhlenbergia porteri Scribn.
Poaceae,Munroa,squarrosa,.,Monroa squarrosa ,seed,present,MUSQ,MUSQ,Munroa,squarrosa,A,GRASS,MW,SU,C4,native,Munroa squarrosa (Nutt.) Torr.
Poaceae,Muhlenbergia,tenuifolia,.,M. monticola,seed,not observed,MUTE4,MUTE,.,.,.,.,.,.,.,.,.
Hydrophyllaceae,Nama,hispidum,.,.,seed,present,NAHI,NAHI,Nama,hispidum,A,FORB,BF,SP,C3,native,Nama hispidum Gray
Brassicaceae,Nerisyrenia,camporum,.,.,seed,not observed,NECA3,NECA,.,.,.,.,.,.,.,.,.
Cactaceae,Echinomastus,intertextus,.,Echinocactus intertextus; Neolloydia intertexta,seed,present,ECIN2,NEIN,Neolloydia,intertexta,P,ST-SU,BF,SP,CAM,native,Neolloydia intertexta (Engelm.) L. Bens. var. intertexta and also var. dasyacantha (Engelm.) L. Bens.
Brassicaceae,Nerisyrenia,linearifolia,.,.,seed,not observed,NELI,NELI,.,.,.,.,.,.,.,.,.
Solanaceae,Nicotiana,trigonophylla,Obtusifolia,.,seed,present,NITR,NITR,Nicotiana,trigonophylla,B,FORB,BF,SP,C3,native,Nicotiana trigonophylla Dunal
.,.,.,.,.,.,present,.,NONE,.,.,.,.,.,.,.,.,NONE
Pteridaceae,Astrolepis,sinuata,.,Notholaena sinuata,spore,present,ASSI9,NOSI,Notholaena,sinuata,P,FERN,MS,.,C3,native,Notholaena sinuata (Lag.) Kaulf.
Pteridaceae,Notholaena,standleyi,.,.,spore,present,NOST,NOST,Notholaena,standleyi,P,FERN,MS,.,C3,native,Notholaena standleyi Maxon
Onagraceae,Oenothera,albicaulis,.,.,seed,present,OEAL,OEAL,Oenothera,albicaulis,A,FORB,BS,SP-SU,C3,native,Oenothera albicaulis Pursh
Onagraceae,Oenothera,caespitosa,.,.,seed,present,OECA10,OECA,Oenothera,caespitosa,P,FORB,BS,SP,C3,native,Oenothera caespitosa Nutt. var. australis (Woot. & Standl.) Munz
Onagraceae,Oenothera,primiveris,.,.,seed,present,OEPR,OEPR,Oenothera,primiveris,A,FORB,BS,SP,C3,native,Oenothera primiveris Gray
Onagraceae,Oenothera,pallida,subsp. runcinata,O. runcinata,seed,not observed,OEPAR,OERU,.,.,.,.,.,.,.,.,.
Resedaceae,Oligomeris,linifolia,.,Dipetalia subulata,seed,not observed,OLLI,OLLI,.,.,.,.,.,.,.,.,.
Cactaceae,Opuntia,chlorotica,.,.,seed,not observed,OPCH,OPCH,.,.,.,.,.,.,.,.,.
Cactaceae,Opuntia,engelmannii,.,O. phaeacantha var. flavispina,seed,not observed,OPEN3,OPDI,.,.,.,.,.,.,.,.,.
Cactaceae,Cylindropuntia,imbricata,.,Opuntia imbricata,seed,present,CYIM2,OPIM,Opuntia,imbricata,P,ST-SU,BF,SP-SU,CAM,native,Opuntia imbricata (Haw.) DC
Cactaceae,Cylindropuntia,leptocaulis,.,Opuntia leptocaulis,seed,present,CYLE8,OPLE,Opuntia,leptocaulis,P,ST-SU,BF,SP-SU,CAM,native,Opuntia leptocaulis DC
Cactaceae,Opuntia,phaeacantha,.,.,seed,present,OPPH,OPPH,Opuntia,phaeacantha,P,ST-SU,BF,SP-SU,CAM,native,Opuntia phaeacantha Engelm. var. discata (Engelm.) L. Bens. & Walk. & var. major Engelm.
Cactaceae,Cylindropuntia,spinosior,.,Opuntia spinosior,seed,not observed,CYSP8,OPSP,.,.,.,.,.,.,.,.,.
Cactaceae,Opuntia,macrocentra,.,O. violacea var. macrocentra,seed,present,OPMA8,OPVI,Opuntia,violacea,P,ST-SU,BF,SP-SU,CAM,native,Opuntia violacea Engelm. var. Castetteri L. Bens. & var. macrocentra (Engelm.) L. Bens. & var. santa-rita (Griff. & Hare) L. Bens.
Orobanchaceae,Orobanche,ludoviciana,.,O. multiflora,seed,not observed,ORLU,ORLU,.,.,.,.,.,.,.,.,.
Poaceae,Panicum,antidotale,.,.,seed,not observed,PAAN4,PAAN,.,.,.,.,.,.,.,.,.
Poaceae,Panicum,capillare,var. brevifolium,.,seed,not observed,PACA6,PABR,.,.,.,.,.,.,.,.,.
Asteraceae,Parthenium,confertum,var. lyratum,P. lyratum,seed,not observed,PACO11,PACO,.,.,.,.,.,.,.,.,.
Poaceae,Paspalum,distichum,.,.,seed,not observed,PADI6,PADI,.,.,.,.,.,.,.,.,.
Poaceae,Panicum,hallii,.,.,seed,present,PAHA,PAHA,Panicum,hallii,P,GRASS,MS,SP,C4,native,Panicum hallii Vasey var. hallii 
Poaceae,Panicum,hirticaule,.,.,seed,present,PAHI5,PAHI,Panicum,hirticaule,A,GRASS,BS,SU,C4,native,Panicum hirticaule Presl.
Asteraceae,Parthenium,incanum,.,.,seed,present,PAIN2,PAIN,Parthenium,incanum,P,SHRUB,BF,SU,C3,native,Parthenium incanum HBK
Poaceae,Panicum,obtusum,.,.,seed,present,PAOB,PAOB,Panicum,obtusum,P,GRASS,PC,SU,C4,native,Panicum obtusum HBK
Asteraceae,Palafoxia,sphacelata,.,.,seed,present,PASP,PASP,Palafoxia,sphacelata,A,FORB,GI,SP-SU,.,native,Palafoxia sphacelata (Torr.)
Poaceae,Paspalum,setaceum,var. stramineum,.,seed,not observed,PASE5,PAST,.,.,.,.,.,.,.,.,.
Scrophulariaceae,Penstemon,ambiguus,.,.,seed,present,PEAM,PEAM,Penstemon,ambiguus,P,SHRUB,.,SU,.,native,Penstemon ambiguus Torr.
Asteraceae,Pectis,angustifolia,.,.,seed,present,PEAN,PEAN,Pectis,angustifolia,A,FORB,BS,SU,C4,native,Pectis angustifolia Torr.
Scrophulariaceae,Penstemon,barbatus,.,.,seed,not observed,PEBA2,PEBA,.,.,.,.,.,.,.,.,.
Fabaceae,Dalea,cylindriceps,.,D. compacta; Petalostemon macrostachyus,seed,present,DACY,PECO,Petalostemum,compactum,P,FORB,GI,SU,.,native,Petalostemum compactum (Spreng.) Swezey
Scrophulariaceae,Penstemon,fendleri,.,.,seed,not observed,PEFE,PEFE,.,.,.,.,.,.,.,.,.
Zygophyllaceae,Peganum,harmala,.,.,seed,not observed,PEHA,PEHA,.,.,.,.,.,.,.,.,.
Pteridaceae,Pellaea,truncata,.,P. longimucronata,spore,present,PETR3,PELO,Pellaea,longimucronata,P,FERN,MS,.,C3,native,Pellaea longimucronata Hook.
Asteraceae,Acourtia,nana,.,Perezia nana,seed,present,ACNA2,PENA,Perezia,nana,P,FORB,BS,SP-SU,C3,native,Perezia nana Gray
Asteraceae,Pectis,papposa,.,.,seed,present,PEPA2,PEPA,Pectis,papposa,A,FORB,BS,SU,C4,native,Pectis papposa Gray
Asteraceae,Pectis,prostrata,.,.,seed,present,PEPR,PEPR,Pectis,prostrata,A,FORB,PS,SU,.,native,Pectis prostrata Cav.
Asteraceae,Acourtia,wrightii,.,Perezia wrightii,seed,present,ACWR5,PEWR,Perezia,wrightii,P,FORB,MS,SU,C3,native,Perezia wrightii Gray
Fabaceae,Phaseolus,acutifolius,.,.,seed,present,PHAC,PHAC,Phaseolus,acutifolius,P,FORB,GS,SU,.,native,Phaseolus acutifolius Gray. var. acutifolius
Poaceae,Phragmites,australis,.,.,seed,not observed,PHAU7,PHAU,.,.,.,.,.,.,.,.,.
Hydrophyllaceae,Phacelia,congesta,.,.,seed,not observed,PHCO2,PHCN,.,.,.,.,.,.,.,.,.
Hydrophyllaceae,Phacelia,coerulea,.,P. intermedia (merged with P. Coerulea),seed,present,PHCO,PHCO,Phacelia,coerulea,A,FORB,BS,SP,C3,native,Phacelia coerulea Greene
Viscaceae,Phoradendron,villosum,subsp. coryae,P. coryae,seed,not observed,PHVI9,PHCR,.,.,.,.,.,.,.,.,.
Solanaceae,Physalis,hederifolia,.,.,seed,present,PHHE4,PHHE,Physalis,hederaefolia,P,FORB,MS,SU,C3,native,Physalis hederaefolia Gray
Verbenaceae,Phyla,nodiflora,.,Phyla incisa Small.,seed,present,PHNO2,PHIC,Phyla,incisa,P,FORB,.,SP-SU,.,native,Phyla incisa Small.
Hydrophyllaceae,Phacelia,intermedia,.,.,seed,present,PHCO,PHIN,Phacelia,intermedia,A,FORB,BS,SP,C3,native,Phacelia intermedia Woot.
Hydrophyllaceae,Phacelia,integrifolia,.,.,seed,present,PHIN,PHIT,Phacelia,integrifolia,A,FORB,BD,SP,.,native,Phacelia integrifolia Torr.
Viscaceae,Phoradendron,macrophyllum,.,P. tomentosum subsp. Macrophyllum,seed,not observed,PHMA18,PHMA,.,.,.,.,.,.,.,.,.
Hydrophyllaceae,Phacelia,popei,.,.,seed,present,PHPO,PHPO,Phacelia,popei,A,FORB,TW,SP,.,native,Phacelia popei T.&G.
Fabaceae,Phaseolus,filiformis,.,.,seed,present,PHFI3,PHWR,Phaseolus,wrightii,P,FORB,.,SU,.,native,Phaseolus wrightii Gray.
Asteraceae,Pinaropappus,parvus,.,.,seed,not observed,PIPA,PIPA,.,.,.,.,.,.,.,.,.
Rafflesiaceae,Pilostyles,thurberi,.,.,seed,not observed,PITH,PITH,.,.,.,.,.,.,.,.,.
Poaceae,Pleuraphis,mutica,.,Hilaria mutica,seed,present,PLMU3,PLMU,Pleuraphis,mutica,P,GRASS,BS,SU,C4,native,Pleuraphis mutica Buckley
Plantaginaceae,Plantago,patagonica,.,P. purshii,seed,present,PLPA2,PLPA,Plantago,patagonica,A,FORB,BF,SP,C3,native,Plantago patagonica Jacq.
Poaceae,Pleuraphis,rigida,.,Hilaria rigida,seed,not observed,PLRI3,PLRI,.,.,.,.,.,.,.,.,.
Poaceae,Poa,bigelovii,.,.,seed,not observed,POBI,POBI,.,.,.,.,.,.,.,.,.
Poaceae,Poa,fendleriana,.,.,seed,present,POFE,POFE,Poa,fendleriana,P,GRASS,BF,SP-SU,C3,native,Poa fendleriana (Steud.) Vasey subsp. fendleriana
Poaceae,Polypogon,monspeliensis,.,.,seed,not observed,POMO5,POMO,.,.,.,.,.,.,.,.,.
Portulacaceae,Portulaca,pilosa,.,P. mundula,seed,present,POPI3,POMU,Portulaca,mundula,A,FORB,BS,SU,C4,native,Portulaca mundula I.M. Johnst
Portulacaceae,Portulaca,oleracea,.,P. retusa (merged with P. oleracea),seed,present,POOL,POOL,Portulaca,oleracea,A,FORB,PC,SU,C4,native,Portulaca oleracea L
Portulacaceae,Portulaca,halimoides,.,P. parvula,seed,present,POHA5,POPA,Portulaca,parvula,A,FORB,BS,SU,C4,native,Portulaca parvula Gray
Portulacaceae,Portulaca,retusa,.,.,seed,present,POOL,PORE,Portulaca,retusa,A,FORB,PS,SU,C4,native,Portulaca retusa Engelm.
Asteraceae,Porophyllum,scoparium,.,.,seed,present,POSC6,POSC,Porophyllum,scoparium,P,SHRUB,MS,SP-SU,C3,native,Porophyllum scoparium Gray
Portulacaceae,Portulaca,suffrutescens,.,.,seed,present,POSU3,POSU,Portulaca,suffrutescens,P,FORB,BS,SP-SU,.,native,Portulaca suffrutescens Engelm.
Capparidaceae,Polanisia,dodecandra,subsp. trachysperma,.,seed,not observed,PODO3,POTR,.,.,.,.,.,.,.,.,.
Portulacaceae,Portulaca,umbraticola,.,.,seed,not observed,POUM,POUM,.,.,.,.,.,.,.,.,.
Capparidaceae,Polanisia,uniglandulosa,.,.,seed,present,POUN3,POUN,Polanisia,uniglandulosa,A,FORB,BF,SU,C3,native,Polanisia uniglandulosa (Cav.) DC
Salicaceae,Populus,deltoides,subsp. wislizenii,P. fremontii var. wislizenii; P. wislizenii,seed,not observed,PODE3,POWI,.,.,.,.,.,.,.,.,.
Pedaliaceae,Proboscidea,althaeifolia,.,.,seed,not observed,PRAL4,PRAL,.,.,.,.,.,.,.,.,.
Fabaceae,Prosopis,glandulosa,var. glandulosa,Prosopis juliflora,seed,present,PRGL2,PRGL,Prosopis,glandulosa,P,SHRUB,BF,SP-SU,C3,native,Prosopis glandulosa Torr. var. Torreyana (L. Benson) M.C. Johnston
Fabaceae,Prosopis,glandulosa,var. torreyana,Prosopis juliflora,seed,present,PRGL2,PRGL,Prosopis,glandulosa,P,SHRUB,BF,SP-SU,C3,native,Prosopis glandulosa Torr. var. Torreyana (L. Benson) M.C. Johnston
Pedaliaceae,Proboscidea,louisianica,.,.,seed,not observed,PRLO,PRLO,.,.,.,.,.,.,.,.,.
Pedaliaceae,Proboscidea,parviflora,.,.,seed,present,PRPA2,PRPA,Proboscidea,parviflora,A,FORB,BF,SU,C3,native,Proboscidea parviflora (Woot.) Woot. & Standl.
Fabaceae,Prosopis,pubescens,.,.,seed,not observed,PRPU,PRPU,.,.,.,.,.,.,.,.,.
Asteraceae,Psilostrophe,tagetina,.,.,seed,present,PSTA,PSTA,Psilostrophe,tagetina,P,FORB,GI,SP-SU,.,native,Psilostrophe tagetina (Nutt.) Greene.
Rutaceae,Ptelea,trifoliata,.,.,seed,not observed,PTTR,PTTR,.,.,.,.,.,.,.,.,.
Asteraceae,Pyrrhopappus,pauciflorus,.,P. multicaulis,seed,not observed,PYPA4,PYMU,.,.,.,.,.,.,.,.,.
Fagaceae,Quercus,turbinella,.,.,seed,not observed,QUTU2,QUTU,.,.,.,.,.,.,.,.,.
Asteraceae,Ratibida,columnifera,.,R. columnaris,seed,present,RACO3,RACO,Ratibida,columnaris,P,FORB,PC,SP-SU,.,native,Ratibida columnaris (Sims) D. Don.
Asteraceae,Rafinesquia,neomexicana,.,.,seed,present,RANE,RANE,Rafinesquia,neomexicana,A,FORB,BF,SP,C3,native,Rafinesquia neomexicana Gray
Asteraceae,Ratibida,tagetes,.,.,seed,present,RATA,RATA,Ratibida,tagetes,P,FORB,PC,SU,.,native,Ratibida tagetes (James) Barnh.
Euphorbiaceae,Reverchonia,arenaria,.,.,seed,not observed,REAR,REAR,.,.,.,.,.,.,.,.,.
Anacardiaceae,Rhus,microphylla,.,.,seed,present,RHMI3,RHMI,Rhus,microphylla,P,SHRUB,BF,SP,C3,native,Rhus microphylla Engelm.
Anacardiaceae,Rhus,trilobata,.,R. aromatica var. trilobata,seed,not observed,RHTR,RHTR,.,.,.,.,.,.,.,.,.
.,.,.,.,.,.,present,.,ROAD,.,.,.,.,.,.,.,.,ROAD
Polygonaceae,Rumex,hymenosepalus,.,.,seed,present,RUHY,RUHY,Rumex,hymenosepalus,P,FORB,BD,SP,.,native,Rumex hymenosepalus Torr.
Polygonaceae,Rumex,mexicanus,var. mexicanus,R. salicifolius var. mexicanus,seed,not observed,RUME2,RUME,.,.,.,.,.,.,.,.,.
Asteraceae,Sanvitalia,abertii,.,.,seed,present,SAAB,SAAB,Sanvitalia,abertii,A,FORB,BF,SU,.,native,Sanvitalia abertii Gray.
Asclepiadaceae,Sarcostemma,cynanchoides,subsp. cynanchoides,.,seed,present,FUCYC,SACY,Sarcostemma,cynanchoides,P,FORB,BS,SU,C3,native,Sarcostemma cynanchoides Dcne. Schlecht.
Sapindaceae,Sapindus,drummondii,.,S. saponaria var. drummondii,seed,not observed,SADR5,SADR,.,.,.,.,.,.,.,.,.
Salicaceae,Salix,exigua,.,.,seed,not observed,SAEX,SAEX,.,.,.,.,.,.,.,.,.
Asteraceae,Sartwellia,flaveriae,.,.,seed,not observed,SAFL5,SAFL,.,.,.,.,.,.,.,.,.
Salicaceae,Salix,gooddingii,.,S. nigra var. vallicola,seed,not observed,SAGO,SAGO,.,.,.,.,.,.,.,.,.
Asclepiadaceae,Sarcostemma,cynanchoides,subsp. hartwegii,Sarcostemma heterophyllum,seed,present,FUCYH,SAHA,Sarcostemma,cynanchoides,P,FORB,GS,SP-SU,C3,native,Sarcostemma cynanchoides Dcne. var. Hartwegii (Vail) Shinners
Chenopodiaceae,Salsola,tragus,.,S. australis; S. iberica; S. kali; S. pestifer,seed,present,SATR12,SAKA,Salsola,kali,A,FORB,BF,SP-SU,C4,introduced,Salsola kali L
Cyperaceae,Schoenoplectus,acutus,var. occidentalis,Scirpus occidentalis,seed,not observed,SCAC3,SCAC,.,.,.,.,.,.,.,.,.
Poaceae,Schismus,arabicus,.,.,seed,present,SCAR,SCAR,Schismus,arabicus,A,GRASS,.,SP,.,introduced,Schismus arabicus Nees
Poaceae,Scleropogon,brevifolius,.,.,seed,present,SCBR2,SCBR,Scleropogon,brevifolius,P,GRASS,BF,SU,C4,native,Scleropogon brevifolius Phil.
Cyperaceae,Schoenoplectus,pungens,var. longispicatus,Scirpus americanus,seed,not observed,SCPU10,SCLO,.,.,.,.,.,.,.,.,.
Fabaceae,Mimosa,quadrivalvis,var. occidentalis,Schrankia occidentalis,seed,not observed,MIQU2,SCOC,.,.,.,.,.,.,.,.,.
Nyctaginaceae,Acleisanthes,diffusus,.,Selinocarpus diffusus,seed,present,SEDI3,SEDI,Selinocarpus,diffusus,P,SHRUB,.,SP-SU,.,native,Selinocarpus diffusus Gray
Brassicaceae,Selenia,dissecta,.,.,seed,present,SEDI2,SEDS,Selenia,dissecta,A,FORB,.,SP-SU,.,native,Selenia dissecta T.&G.
Asteraceae,Senecio,riddellii,.,.,seed,present,SERI2,SEFR,Senecio,spartioides,P,FORB,BF,SU,.,native,Senecio spartioides var. fremontii (Torr. & A. Gray) Greenm.
Poaceae,Setaria,leucopila,.,.,seed,present,SELE6,SELE,Setaria,leucopila,P,GRASS,BF,SU,C4,native,Setaria leucopila (Scribn. & Merr.) K. Schum.
Asteraceae,Senecio,flaccidus,var. flaccidus,S. douglasii; S. longolobus,seed,present,SEFL3,SELO,Senecio,longilobus,P,FORB,BF,SU,C3,native,Senecio longilobus Benth.
Poaceae,Setaria,pumila,.,.,seed,not observed,SEPU8,SEPU,.,.,.,.,.,.,.,.,.
Poaceae,Setaria,viridis,.,.,seed,not observed,SEVI4,SEVI,.,.,.,.,.,.,.,.,.
Caryophyllaceae,Silene,antirrhina,.,.,seed,not observed,SIAN2,SIAN,.,.,.,.,.,.,.,.,.
Malvaceae,Sida,abutifolia,.,Sida filicaulis,seed,present,SIAB,SIFI,Sida,filicaulis,P,FORB,BS,SU,C3,native,Sida filicaulis T. & G.
Brassicaceae,Sisymbrium,irio,.,.,seed,present,SIIR,SIIR,Sisymbrium,irio,A,FORB,BF,SP,C3,introduced,Sisymbrium irio L.
Malvaceae,Malvella,lepidota,.,Sida lepidota,seed,present,MALE2,SILE,Sida,leprosa,P,FORB,PC,SU,C3,native,Sida leprosa (Ort.) K. Schum. var. sagittaefolia (Gray) I. Clem.
Malvaceae,Malvella,sagittaefolia,.,Sida lepidota,seed,present,MASA3,SILE,Sida,leprosa,P,FORB,PC,SU,C3,native,Sida leprosa (Ort.) K. Schum. var. sagittaefolia (Gray) I. Clem.
Brassicaceae,Schoenocrambe,linearifolia,.,Sisymbrium linearifolium,seed,not observed,SCLI12,SILN,.,.,.,.,.,.,.,.,.
Malvaceae,Rhynchosida,physocalyx,.,Sida physocalyx,seed,present,RHPH2,SIPH,Sida,physocalyx,P,FORB,BS,SU,C3,native,Sida physocalyx Gray
Asteraceae,Sonchus,asper,.,.,seed,not observed,SOAS,SOAS,.,.,.,.,.,.,.,.,.
Solanaceae,Solanum,elaeagnifolium,.,.,seed,present,SOEL,SOEL,Solanum,elaeagnifolium,P,FORB,BS,SU,C3,native,Solanum elaeagnifolium Cav.
Poaceae,Sorghum,halepense,.,.,seed,not observed,SOHA,SOHA,.,.,.,.,.,.,.,.,.
Solanaceae,Solanum,heterodoxum,.,.,seed,not observed,SOHE,SOHE,.,.,.,.,.,.,.,.,.
.,.,.,.,.,.,present,.,SOIL,.,.,.,.,.,.,.,.,SOIL
Fabaceae,Sophora,nuttalliana,.,.,seed,present,SONU,SONU,Sophora,nuttalliana,P,FORB,PC;PS,SP,C3,native,Sophora nuttalliana B.L. Turner
Asteraceae,Sonchus,oleraceus,.,.,seed,present,SOOL,SOOL,Sonchus,oleraceus,A,FORB,PS,SP-SU,.,introduced,Sonchus oleraceus L.
Solanaceae,Solanum,rostratum,.,.,seed,not observed,SORO,SORO,.,.,.,.,.,.,.,.,.
Fabaceae,Sophora,stenophylla,.,.,seed,not observed,SOST4,SOST,.,.,.,.,.,.,.,.,.
Poaceae,Sporobolus,airoides,.,.,seed,present,SPAI,SPAI,Sporobolus,airoides,P,GRASS,PT;TE,SP-SU,C4,native,Sporobolus airoides (Torr.) Torr.
Malvaceae,Sphaeralcea,angustifolia,.,.,seed,present,SPAN3,SPAN,Sphaeralcea,angustifolia,P,FORB,BS,SU,C3,native,Sphaeralcea angustifolia (Cav.) D. Don.
Malvaceae,Sphaeralcea,coccinea,.,.,seed,present,SPCO,SPCC,Sphaeralcea,coccinea,P,FORB,GI,SP-SU,C3,native,Sphaeralcea coccinea (Pursh) Rydb.
Poaceae,Sporobolus,contractus,.,.,seed,present,SPCO4,SPCO,Sporobolus,contractus,P,GRASS,BS,SU,C4,native,Sporobolus contractus Hitchc.
Poaceae,Sporobolus,cryptandrus,.,.,seed,present,SPCR,SPCR,Sporobolus,cryptandrus,P,GRASS,BS,SU,C4,native,Sporobolus cryptandrus (Torr.) Gray
Malvaceae,Sphaeralcea,digitata,.,.,seed,not observed,SPDI3,SPDI,.,.,.,.,.,.,.,.,.
Malvaceae,Sphaeralcea,fendleri,.,.,seed,not observed,SPFE,SPFE,.,.,.,.,.,.,.,.,.
Poaceae,Sporobolus,flexuosus,.,.,seed,present,SPFL2,SPFL,Sporobolus,flexuosus,P,GRASS,BF,SU,C4,native,Sporobolus flexuosus (Thurb.) Rydb.
Poaceae,Sporobolus,giganteus,.,.,seed,present,SPGI,SPGI,Sporobolus,giganteus,P,GRASS,.,SU,.,native,Sporobolus giganteus Nash
Malvaceae,Sphaeralcea,incana,.,.,seed,present,SPIN2,SPIN,Sphaeralcea,incana,P,FORB,MS,SP-SU,C3,native,Sphaeralcea incana Torr.
Poaceae,Sporobolus,nealleyi,.,.,seed,not observed,SPNE,SPNE,.,.,.,.,.,.,.,.,.
Poaceae,Sporobolus,pyramidatus,.,S. pulvinatus,seed,present,SPPY2,SPPU,Sporobolus,pulvinatus,A,GRASS,PT,SU,.,native,Sporobolus pulvinatus Swallen
Fabaceae,Sphaerophysa,salsula,.,Swainsona salsula,seed,present,SPSA3,SPSA,Sphaerophysa,salsula,P,FORB,PC,SP-SU,C3,introduced,Sphaerophysa salsula (Pall.) DC
Malvaceae,Sphaeralcea,hastulata,.,S. subhastata,seed,present,SPHA,SPSU,Sphaeralcea,subhastata,P,FORB,BS,SP-SU,C3,native,Sphaeralcea subhastata Coult. ssp. Martii (Cock.) Kearn.
Poaceae,Sporobolus,wrightii,.,.,seed,not observed,SPWR2,SPWR,.,.,.,.,.,.,.,.,.
Brassicaceae,Streptanthus,carinatus,subsp. arizonicus,S. arizonicus; S. validus,seed,present,STCA5,STAR,Streptanthus,arizonicus,A,FORB,BF,SP,C3,native,Streptanthus arizonicus Wats. Cory
Asteraceae,Stephanomeria,exigua,.,.,seed,present,STEX,STEX,Stephanomeria,exigua,A,FORB,BS,SP-SU,C3,native,Stephanomeria exigua Nutt.
Asteraceae,Stephanomeria,pauciflora,.,S. neomexicana,seed,present,STPA4,STPA,Stephanomeria,pauciflora,P,FORB,BS,SU,C3,native,Stephanomeria pauciflora (Torr.) A. Nels
Chenopodiaceae,Suaeda,nigra,.,S. suffrutescens,seed,not observed,SUNI,SUNI,.,.,.,.,.,.,.,.,.
Portulacaceae,Talinum,polygaloides,.,T. angustissimum,seed,present,TAPO5,TAAN,Talinum,angustissimum,P,FORB,BA,SP-SU,C3,native,Talinum angustissimum (Gray) Woot. & Standl.
Portulacaceae,Talinum,aurantiacum,.,.,seed,present,TAAU,TAAU,Talinum,aurantiacum,P,FORB,GI,SP-SU,C3,native,Talinum aurantiacum Engelm.
Tamaricaceae,Tamarix,chinensis,.,T. pentandra; T. ramosissima,seed,not observed,TACH2,TACH,.,.,.,.,.,.,.,.,.
Verbenaceae,Tetraclea,coulteri,var. coulteri,.,seed,present,TECO,TECO,Tetraclea,coulteri,P,FORB,BS,SU,C3,native,Tetraclea coulteri Gray.
Verbenaceae,Tetraclea,coulteri,var. angustifolia,.,seed,present,TECO,TECO,Tetraclea,coulteri,P,FORB,BS,SU,C3,native,Tetraclea coulteri Gray.
Asteraceae,Pluchea,sericea,.,Tessaria sericea,seed,not observed,PLSE,TESE,.,.,.,.,.,.,.,.,.
Bignoniaceae,Tecoma,stans,var. angustata,.,seed,present,TEST,TEST,Tecoma,stans,P,SHRUB,MS,SU,C3,native,Tecoma stans (L) HBK
Asteraceae,Thelesperma,megapotamicum,.,.,seed,present,THME,THME,Thelesperma,megapotamicum,P,FORB,.,SU,.,native,Thelesperma megapotamicum (Spreng.) O. Ktze.
Brassicaceae,Thelypodium,wrightii,.,.,seed,not observed,THWR,THWR,.,.,.,.,.,.,.,.,.
Boraginaceae,Tiquilia,canescens,.,Coldenia canescens,seed,not observed,TICA3,TICA,.,.,.,.,.,.,.,.,.
Amaranthaceae,Tidestromia,lanuginosa,.,.,seed,present,TILA2,TILA,Tidestromia,lanuginosa,A,FORB,BS,SU,C4,native,Tidestromia lanuginosa (Nutt.) Standl.
Asteraceae,Townsendia,annua,.,.,seed,present,TOAN,TOAN,Townsendia,annua,A,FORB,CSx,SP,.,native,Townsendia annua Beaman
Poaceae,Tragus,berteronianus,.,.,seed,present,TRBE,TRBE,Tragus,berteronianus,A,GRASS,BS,SU,C4,native,Tragus berteronianus Schult.
Asteraceae,Trixis,californica,.,.,seed,present,TRCA8,TRCL,Trixis,californica,P,SHRUB,MS,SP-SU,C3,native,Trixis californica Kell.
Asteraceae,Tragopogon,dubius,.,.,seed,present,TRDU,TRDU,Tragopogon,dubius,B,FORB,PC,SU,.,introduced,Tragopogon dubius Scop.
Poaceae,Tridens,muticus,.,.,seed,present,TRMU,TRMU,Tridens,muticus,P,GRASS,BD,SU,C4,native,Tridens muticus (Torr.) Nash. var. muticus
Euphorbiaceae,Tragia,nepetifolia,.,.,seed,not observed,TRNE,TRNE,.,.,.,.,.,.,.,.,.
Commelinaceae,Tradescantia,occidentalis,.,.,seed,not observed,TROC,TROC,.,.,.,.,.,.,.,.,.
Euphorbiaceae,Tragia,ramosa,.,T. stylaris,seed,present,TRRA5,TRRA,Tragia,ramosa,P,FORB,BF,SP-SU,C3,native,Tragia ramosa Torr.
Zygophyllaceae,Tribulus,terrestris,.,.,seed,present,TRTE,TRTE,Tribulus,terrestris,A,FORB,BS,SU,C4,introduced,Tribulus terrestris L
Sapindaceae,Ungnadia,speciosa,.,.,seed,present,UNSP,UGSP,Ungnadia,speciosa,P,SHRUB,MS,SP,C3,native,Ungnadia speciosa Endl.
Verbenaceae,Glandularia,bipinnatifida,.,Verbena ambrosifolia Rydb,seed,present,GLBI2,VEAM,Verbena,ambrosifolia,P,FORB,BF,SP-SU,C3,native,Verbena ambrosifolia Rydb.
Verbenaceae,Verbena,bracteata,.,.,seed,present,VEBR,VEBR,Verbena,bracteata,.,FORB,.,SP-SU,.,introduced,Verbena bracteata Lab. & Rodr.
Asteraceae,Verbesina,encelioides,.,.,seed,present,VEEN,VEEN,Verbesina,encelioides,A,FORB,BF,SU,C3,native,Verbesina encelioides (Cav.) Gray
Verbenaceae,Glandularia,bipinnatifida,.,Verbena ambrosifolia; V. bipinnatifida; V. wrightii,seed,present,GLBI2,VEWR,Verbena,wrightii,P,FORB,BS,SP-SU,C3,native,Verbena wrightii Gray
Asteraceae,Viguiera,longifolia,var. annua,Viguiera annua,seed,present,VILOA,VIAN,Viguiera,annua,A,FORB,RS,SU,.,native,Viguiera annua (M. E. Jones) Blake
Asteraceae,Viguiera,dentata,.,.,seed,present,VIDE3,VIDE,Viguiera,dentata,P,FORB,.,SU,.,native,Viguiera dentata (Cav.) Spreng.
Fabaceae,Vicia,ludoviciana,.,V. exigua,seed,present,VILU,VILU,Vicia,ludoviciana,A,FORB,BD,SP,.,native,Vicia ludoviciana Nutt.
Poaceae,Vulpia,octoflora,.,Festuca octoflora,seed,present,VUOC,VUOC,Vulpia,octoflora,A,GRASS,BF,SP,C3,native,Vulpia octoflora (Walt.) Rydb.
Asteraceae,Gutierrezia,microcephala,.,Xanthocephalum microcephala,seed,present,GUMI,XAMI,Xanthocephalum,microcephalum,P,S-SHR,BS,SU,C3,native,Xanthocephalum microcephalum (DC) Shinners
Asteraceae,Gutierrezia,sarothrae,.,Xanthocephalum sarothrae,seed,present,GUSA2,XASA,Xanthocephalum,sarothrae,P,S-SHR,BF,SU,C3,native,Xanthocephalum sarothrae (Pursh) Shinners
Asteraceae,Gutierrezia,sphaerocephala,.,.,seed,present,GUSP,XASP,Xanthocephalum,sphaerocephalum,A,FORB,PC,SU,C3,native,Xanthocephalum sphaerocephalum (Gray) Shinners
Asteraceae,Xanthium,strumarium,var. canadense,.,seed,present,XAST,XAST,Xanthium,strumarium,A,FORB,PC,SU,C3,native,Xanthium strumarium L
Asteraceae,Xanthium,strumarium,var. glabratum,.,seed,present,XAST,XAST,Xanthium,strumarium,A,FORB,PC,SU,C3,native,Xanthium strumarium L
Asteraceae,Gutierrezia,texana,.,Xanthocephalum texanum (DC.) Shinners,seed,present,GUTET,XATE,Xanthocephalum,texanum,A,FORB,.,SU,.,native,Xanthocephalum texanum (DC.) Shinners
Apiaceae,Yabea,microcarpa,.,Caucalis microcarpa,seed,not observed,YAMI,YAMI,.,.,.,.,.,.,.,.,.
Agavaceae,Yucca,baccata,.,.,seed,present,YUBA,YUBA,Yucca,baccata,P,LF-SU,BA,SP,CAM,native,Yucca baccata Torr.
Agavaceae,Yucca,elata,.,.,seed,present,YUEL,YUEL,Yucca,elata,P,LF-SU,BS,SP,C3,native,Yucca elata Engelm.
Amaryllidaceae,Zephyranthes,longifolia,.,.,seed,present,ZELO,ZELO,Zephyranthes,longifolia,P,FORB,BS,SU,C3,native,Zephyranthes longifolia Hemsl.
Asteraceae,Zinnia,acerosa,.,Zinnia pumila,seed,present,ZIAC,ZIAC,Zinnia,acerosa,P,S-SHR,BS,SU,C3,native,Zinnia acerosa (DC) Gray
Asteraceae,Zinnia,grandiflora,.,.,seed,present,ZIGR,ZIGR,Zinnia,grandiflora,P,S-SHR,BS,SU,C3,native,Zinnia grandiflora Nutt.
Rhamnaceae,Ziziphus,obtusifolia,var. obtusifolia,Condalia lycioides,seed,present,ZIOB,ZIOB,Ziziphus,obtusifolia,P,SHRUB,BF,SP-SU,C3,native,Ziziphus obtusifolia (T&G) Gray
Pottiaceae,Aloina,rigida,.,.,spore,not observed,ALRI2,.,.,.,.,.,.,.,.,.,.
Grimmiaceae,Jaffueliobryum,wrightii,.,Grimmia wrightii,spore,not observed,JAWR,.,.,.,.,.,.,.,.,.,.
Pteridaceae,Cheilanthes,lindheimeri,.,.,spore,not observed,CHLI,.,.,.,.,.,.,.,.,.,.
Pteridaceae, Astrolepis,sinuata,subsp. Sinuata,.,spore,not observed,ASSIS,.,.,.,.,.,.,.,.,.,.
Grimmiaceae,Grimmia,pulvinata,.,.,spore,not observed,GRPU,.,.,.,.,.,.,.,.,.,.
Pottiaceae,Weissia,condensa,.,.,spore,not observed,WECO2,.,.,.,.,.,.,.,.,.,.
Pottiaceae,Desmatodon,plinthobius,.,.,spore,not observed,DEPL3,.,.,.,.,.,.,.,.,.,.
Pottiaceae,Didymodon,rigidulus,.,.,spore,not observed,DIRI6,.,.,.,.,.,.,.,.,.,.
Selaginellaceae,Selaginella,rupincola,.,.,spore,not observed,SERU2,.,.,.,.,.,.,.,.,.,.
Fissidentaceae,Fissidens,littlei,.,Moenkemeyera littlei,spore,not observed,FILI2,.,.,.,.,.,.,.,.,.,.
Pottiaceae,Desmatodon,convolutus,.,.,spore,not observed,DECO10,.,.,.,.,.,.,.,.,.,.
Fabroniaceae,Fabronia,ciliaris, var. wrightii,F. wrightii,spore,not observed,FACI2,.,.,.,.,.,.,.,.,.,.
Equisetaceae,Equisetum,hyemale,subsp. affine,.,spore,not observed,EQHY,.,.,.,.,.,.,.,.,.,.
Pottiaceae,Desmatodon,guepinii,.,.,spore,not observed,DEGU,.,.,.,.,.,.,.,.,.,.
Pottiaceae,Tortula,bartramii,.,.,spore,not observed,TOBA3,.,.,.,.,.,.,.,.,.,.
Pottiaceae,Tortula,ruralis,var. crinita,T. montana,spore,not observed,TORU70,.,.,.,.,.,.,.,.,.,.
Pottiaceae,Weissia,controversa,.,W. viridula,spore,not observed,WECO3,.,.,.,.,.,.,.,.,.,.
Bryaceae,Bryum,argenteum,.,.,spore,not observed,BRAR71,.,.,.,.,.,.,.,.,.,.
Pottiaceae,Pterygoneurum,ovatum,.,P. cavifolium,spore,not observed,PTOV,.,.,.,.,.,.,.,.,.,.
Amaranthaceae,Amaranthus,retroflexus,,,,,AMRE,,,,,,,,,,
Asteraceae,Acourtia,,,,,,ACOUR,,,,,,,,,,
Asteraceae,Erigeron,,,,,,ERIGE2,,,,,,,,,,
Asteraceae,Gaillardia,,,,,,GAILL,,,,,,,,,,
Asteraceae,Machaeranthera,,,,,,MACHA,,,,,,,,,,
Asteraceae,Pectis,,,,,,PECTI,,,,,,,,,,
Asteraceae,Thelesperma,subnudum,,,,,THSU,,,,,,,,,,
Boraginaceae,Amsinckia,,,,,,AMSIN,,,,,,,,,,
Brassicaceae,Lepidium,densiflorum,,,,,LEDE,,,,,,,,,,
Brassicaceae,Lepidium,lasiocarpum,var. wrightii,,,,LELAW,,,,,,,,,,
Brassicaceae,Lesquerella,,,,,,LESQU,,,,,,,,,,
Cactaceae,Opuntia,santa-rita,,,,,OPSA,,,,,,,,,,
Chenopodiaceae,Chenopodium,,,,,,CHENO,,,,,,,,,,
Convolvulaceae,Ipomoea,,,,,,IPOMO,,,,,,,,,,
Euphorbiaceae,Euphorbia,,,,,,EUPHO,,,,,,,,,,
Euphorbiaceae,Tragia,,,,,,TRAGI,,,,,,,,,,
Fabaceae,Astragalus,,,,,,ASTRA,,,,,,,,,,
Fabaceae,Dalea,,,,,,DALEA,,,,,,,,,,
Fabaceae,Hoffmannseggia,,,,,,HOFFM,,,,,,,,,,
Fabaceae,Lotus,,,,,,LOTUS,,,,,,,,,,
Fabaceae,Mimosa,rupertiana,,,,,MIRU5,,,,,,,,,,
Fabaceae,Trifolium,,,,,,TRIFO,,,,,,,,,,
Hydrophyllaceae,Phacelia,,,,,,PHACE,,,,,,,,,,
Liliaceae,Cooperia,drummondii,,,,,CODR2,,,,,,,,,,
Loasaceae,Mentzelia,multiflora,,,,,MEMU3,,,,,,,,,,
Malvaceae,Sphaeralcea,,,,,,SPHAE,,,,,,,,,,
Onagraceae,Oenothera,,,,,,OENOT,,,,,,,,,,
Plantaginaceae,Plantago,,,,,,PLANT,,,,,,,,,,
Polygonaceae,Eriogonum,,,,,,ERIOG,,,,,,,,,,
Portulacaceae,Phemeranthus,aurantiacus,,,,,PHAU13,,,,,,,,,,
Portulacaceae,Portulaca,,,,,,PORTU,,,,,,,,,,
Ranunculaceae,Delphinium,,,,,,DELPH,,,,,,,,,,
Euphorbiaceae,Chamaesyce,,,,,,CHAMA15,,,,,,,,,,
Amaranthaceae,Amaranthus,,,,,,AMARA,,,,,,,,,,
Boraginaceae,Cryptantha,,,,,,CRYPT,,,,,,,,,,
Poaceae,Bouteloua,,,,,,BOUTE,,,,,,,,,,
Poaceae,Munroa,squarrosa,,,,,MUSQ3,,,,,,,,,,
Poaceae,Panicum,,,,,,PANIC,,,,,,,,,,
Zygophyllaceae,Kallstroemia,,,,,,KALLS,,,,,,,,,,
